Hg,Hi,Hm,Hp,He,Ib-FDTD,Ir-FDTD,It-FDTD,Ib-CPN,Ir-CPN,It-CPN
40,20,250,30,20,17.0099,5.9196,17.6057,17.2242,5.7894,17.6646
60,60,250,35,20,17.5844,6.2896,16.211,17.6663,6.1868,16.3644
100,30,210,35,35,17.5066,6.3488,15.8291,17.5087,6.3783,16.1695
50,20,250,35,20,17.1853,5.7411,17.126,17.4238,5.739,17.2601
40,60,160,15,15,18.6974,7.827,16.8904,18.7152,7.596,16.6593
20,30,250,25,30,16.1659,6.7945,19.5859,16.2472,6.8574,19.3282
10,20,240,25,20,16.7818,7.2947,18.4329,16.717,7.0285,18.1943
10,20,230,20,30,16.5139,7.7493,19.0211,16.3996,7.4405,18.848
60,20,180,35,30,18.3239,6.1111,15.4893,18.4722,6.1699,15.8367
70,30,250,20,15,17.7445,5.0005,19.2244,17.8276,5.2028,19.287
30,20,160,30,25,18.1103,7.9768,15.0223,18.0584,7.7536,15.3113
30,60,250,20,30,16.7021,6.7374,19.5692,16.5832,6.9295,19.3849
60,20,180,30,25,18.5979,6.1505,16.2994,18.7853,6.0634,16.6082
100,30,250,30,15,17.8452,5.6722,17.6284,17.9436,5.4931,17.9762
20,60,250,30,25,16.9569,7.0701,18.6025,16.9849,7.1273,18.4831
80,40,160,15,25,18.9534,6.6448,16.9218,18.8017,6.7378,17.2162
40,20,250,25,35,15.9526,6.4985,18.5479,16.2474,6.3836,18.8648
100,30,160,25,25,18.9492,6.796,15.8403,18.7533,6.6469,15.8584
40,50,250,30,35,16.3744,6.9049,17.2979,16.3338,6.7931,17.6363
20,30,250,25,15,16.996,6.2495,18.2574,17.1036,6.2675,18.4068
70,40,250,30,30,16.9136,6.0695,18.9776,16.8806,6.112,18.6955
50,30,250,15,20,17.2242,5.473,19.3186,17.2465,5.5128,19.4049
40,30,250,15,35,16.0645,6.3143,19.6506,16.2213,6.3205,19.8542
80,40,160,35,30,18.3924,6.9785,14.59,18.2572,7.0542,14.8846
60,60,250,30,20,17.6068,6.1946,16.7342,17.6899,6.0328,16.9086
50,20,160,20,25,18.4918,7.3449,16.2513,18.4084,7.1647,16.5805
20,50,250,35,25,16.8654,6.9973,18.2518,16.9163,6.9701,18.1938
20,20,250,35,25,16.4432,6.7052,18.9699,16.5578,6.7323,18.6921
20,50,250,35,30,16.522,7.1473,17.9477,16.5633,7.1007,17.8171
40,60,160,25,20,18.4921,8.0004,15.5603,18.5261,7.8976,15.3709
40,30,160,30,25,18.4225,7.5646,15.1081,18.3571,7.2761,15.312
20,50,160,35,15,18.3827,8.3435,14.7693,18.2485,8.0756,14.5965
100,30,160,15,25,19.0876,6.7015,16.8434,18.9268,6.6227,17.1107
10,20,180,35,20,17.849,7.8013,15.4316,17.9035,7.6769,15.1098
50,60,250,35,30,16.8827,6.9981,17.7018,16.9458,6.8767,17.5539
20,20,250,35,30,16.0774,6.9628,18.5403,16.1837,6.8742,18.2966
30,60,210,35,25,17.799,7.2901,16.8305,17.7833,7.0437,16.5242
10,20,230,35,30,16.5845,7.2236,17.7443,16.4293,7.1306,17.5986
10,40,250,35,30,16.2533,7.0719,18.2161,16.2946,6.9714,18.0641
80,30,250,25,20,17.6031,5.538,18.0348,17.6154,5.3267,18.3173
60,50,250,35,15,17.8015,5.8716,16.7941,17.7674,5.7498,16.9513
80,30,250,30,15,17.826,5.4048,17.8667,17.8976,5.359,18.1439
30,60,220,35,20,17.9393,7.0906,16.3124,17.8559,6.847,15.9872
30,50,160,25,35,17.6522,8.4792,15.8697,17.7,8.1955,15.6043
50,50,160,35,30,18.1261,7.749,14.2158,18.0351,7.7381,14.5413
40,50,250,35,35,16.3696,6.9848,16.6558,16.4381,6.9312,17.0056
20,40,250,30,25,16.7099,6.5648,19.3239,16.726,6.7149,19.0182
100,20,160,15,25,19.1874,6.7652,16.7859,18.903,6.6778,17.1226
50,40,160,30,20,18.775,7.34,15.4244,18.7671,7.2101,15.1559
50,30,250,35,30,16.6378,6.3382,18.5941,16.7037,6.2953,18.2473
70,60,250,30,20,17.6184,6.0832,16.7758,17.6961,5.9203,16.9438
20,40,160,15,25,17.886,8.4475,16.2787,17.8365,8.3771,16.6067
80,20,250,35,35,16.4011,6.2166,17.3816,16.5355,6.3807,17.6786
10,20,250,35,30,15.9713,7.2293,18.4127,16.0449,7.0326,18.2706
100,40,170,25,15,19.0563,6.3057,15.6998,19.0135,6.1848,15.9821
70,50,250,30,20,17.6259,5.8801,17.0114,17.6757,5.614,17.1781
10,50,160,30,35,17.3254,8.926,15.156,17.4593,8.6112,14.9267
90,40,250,35,20,17.5825,5.8789,16.6004,17.6777,5.8538,16.7896
60,30,250,30,15,17.656,5.4508,17.9593,17.6662,5.437,18.1262
50,40,250,30,25,17.1118,6.1719,19.3465,17.0507,6.1557,19.0275
70,20,250,20,20,17.4037,5.3964,18.8061,17.4829,5.244,18.9267
80,30,180,35,25,18.6743,5.9205,15.813,18.7367,6.0554,16.1122
40,40,160,25,20,18.6254,7.5269,15.8932,18.6497,7.4577,15.5815
20,30,250,30,30,16.2143,6.6931,19.0658,16.2522,6.8152,18.7921
90,30,170,25,20,19.1157,6.358,15.4079,19.025,6.1641,15.6946
80,50,250,35,15,17.8313,5.7238,16.8263,17.8235,5.6964,17.0619
40,40,160,35,20,18.6125,7.8023,14.7482,18.6134,7.5373,14.686
60,30,250,15,35,16.3487,5.8313,19.8139,16.5485,5.9228,19.972
100,20,180,35,30,18.4757,6.2477,15.3968,18.474,6.3103,15.6649
40,50,160,25,25,18.3658,7.8752,15.3119,18.2456,7.6856,15.6497
30,20,250,25,15,17.0166,6.162,18.3804,17.232,6.0299,18.4997
70,40,250,25,15,17.8283,5.317,18.2991,17.8394,5.2333,18.5171
80,40,250,15,35,16.626,5.7794,19.5271,16.6047,5.8472,19.7278
60,20,160,35,15,19.1424,6.6754,15.6289,19.0271,6.5733,15.3496
50,40,250,25,15,17.6197,5.5664,18.2765,17.5858,5.5334,18.4244
90,30,250,30,15,17.8533,5.5503,17.7311,17.947,5.4266,18.0625
50,20,250,20,20,17.1034,5.7206,18.7616,17.2347,5.5594,18.8492
10,20,190,25,30,17.1465,8.2782,17.0482,17.1253,7.9406,16.7607
80,30,250,20,20,17.6046,5.3529,18.6078,17.623,5.2313,18.8967
60,40,160,35,20,18.8547,7.2375,15.036,18.7715,7.136,14.7258
30,60,200,15,35,17.2222,7.4623,18.2867,17.1866,7.2586,17.9494
70,30,250,30,30,16.8384,5.9214,19.2411,16.8526,6.0731,18.8917
90,60,250,15,15,17.8833,5.4372,19.0332,17.9228,5.3355,19.1932
80,50,250,20,35,16.6417,6.0613,18.6383,16.6624,6.104,18.9146
20,20,250,35,20,16.7572,6.4414,16.8808,16.8216,6.4082,17.0485
20,50,160,30,25,18.0366,8.5373,14.6221,17.905,8.3647,14.869
20,40,250,25,20,16.9251,6.5836,17.67,16.945,6.2979,17.896
40,20,250,15,35,15.9125,6.5857,19.6246,16.2185,6.3761,19.921
40,20,250,35,35,15.9902,6.4564,17.4438,16.2349,6.5371,17.7637
70,60,250,30,15,17.8548,5.946,17.1829,17.8938,5.796,17.2648
90,60,250,15,20,17.6541,5.6987,18.52,17.7206,5.503,18.7496
20,50,230,35,30,17.0262,7.1145,17.3962,16.8747,7.0981,17.1793
40,20,250,30,15,17.2076,5.8389,18.0315,17.4182,5.7429,18.0103
10,50,250,25,25,16.6412,6.8882,19.6457,16.7377,6.8757,19.377
40,30,160,35,20,18.6529,7.4613,14.966,18.6742,7.2605,14.6539
100,50,250,35,20,17.4735,6.1556,16.3556,17.6297,6.083,16.5567
10,30,250,25,30,16.0431,7.0323,19.4811,16.1096,7.0638,19.2813
20,50,160,30,35,17.4787,8.8131,15.1469,17.5,8.491,14.8994
10,30,160,25,25,17.8088,8.5169,15.2604,17.7175,8.4224,15.5922
70,60,250,35,20,17.5805,6.2243,16.2255,17.6388,6.108,16.4114
60,40,250,25,20,17.515,5.7159,17.8966,17.4727,5.4576,18.0562
40,20,250,25,20,16.9538,6.075,18.144,17.1435,5.7783,18.2069
20,60,220,35,15,17.9861,7.0858,16.6132,17.8503,6.8615,16.2654
10,50,250,30,30,16.4184,6.9753,18.6195,16.3763,7.071,18.4652
60,50,230,35,30,17.402,6.5334,17.5186,17.2168,6.4197,17.1784
100,40,190,30,35,17.7505,6.6155,15.7214,17.7928,6.5758,16.0708
60,40,250,35,15,17.7499,5.6218,17.0813,17.7989,5.63,17.231
10,60,160,20,20,18.1963,8.6183,15.8316,18.1209,8.6882,15.5819
80,20,160,35,15,19.3659,6.4718,15.6969,19.0734,6.4522,15.4893
100,60,250,35,35,16.3691,6.7848,16.5936,16.5871,7.0122,16.7518
30,60,160,15,35,17.64,8.6259,16.633,17.6702,8.4537,16.3021
10,20,210,20,30,16.9268,8.0536,18.231,16.8511,7.7327,18.0001
50,30,170,20,15,18.8596,6.5345,16.2087,18.7008,6.6122,16.5543
90,40,250,25,20,17.6591,5.6757,17.7809,17.6683,5.4348,17.9711
30,40,250,35,30,16.5268,6.8118,18.2412,16.4951,6.72,18.0463
40,20,170,35,15,18.7151,6.6577,14.6097,18.6435,6.7779,14.8565
50,40,250,20,20,17.3813,5.6574,18.4757,17.3229,5.5695,18.6634
40,60,250,35,25,17.1719,7.0381,17.9239,17.212,6.9718,17.6885
10,20,180,20,20,17.735,8.504,16.6799,17.6439,8.1787,16.4164
30,30,160,25,25,18.1538,7.9095,15.4566,18.0585,7.7575,15.8002
10,50,160,25,25,18.0038,8.4913,15.0815,17.7762,8.5626,15.381
50,40,160,35,25,18.5317,7.3363,14.6159,18.3961,7.3157,14.781
10,40,250,20,15,16.9081,6.4847,18.6112,17.0524,6.3784,18.8858
30,60,250,25,30,16.7134,6.9312,18.8568,16.5891,7.0693,18.8377
40,40,250,25,30,16.628,6.231,19.632,16.5694,6.4131,19.3075
30,30,250,25,30,16.3349,6.4159,19.7699,16.4295,6.5149,19.4302
90,30,250,25,15,17.8721,5.332,18.3277,17.9437,5.2988,18.6759
70,30,160,25,25,18.8869,6.7468,15.8915,18.7215,6.6403,16.1534
60,50,250,35,30,16.8982,6.5767,18.0722,16.8943,6.4227,17.79
90,30,170,25,15,19.2784,6.0382,15.8223,19.1521,5.9926,16.0484
90,40,170,30,15,19.0565,6.2808,15.2918,18.9215,6.2789,15.4901
80,60,160,35,20,18.47,7.5697,14.9324,18.4259,7.2898,14.665
90,40,250,20,35,16.6192,6.073,18.7329,16.6168,6.0027,19.0448
20,60,190,35,25,17.8273,7.7472,16.2753,17.8461,7.4697,15.9412
50,50,160,25,20,18.7234,7.4719,15.8398,18.7212,7.3988,15.5284
70,50,250,35,35,16.5361,6.5496,16.7961,16.5873,6.5639,17.0686
80,40,170,30,15,19.0727,6.2956,15.2852,18.9165,6.2579,15.5127
20,50,160,30,20,18.2364,8.4206,14.9262,18.2306,8.2601,14.7854
60,20,160,20,25,18.7328,6.9654,16.3839,18.6739,6.8404,16.699
20,60,250,15,20,17.1402,6.406,18.4437,17.1004,6.529,18.6685
80,60,160,25,25,18.4161,7.3475,15.6076,18.3386,7.2167,15.9314
10,30,230,25,30,16.5846,7.1354,18.7821,16.4238,7.1408,18.4522
50,20,250,20,15,17.3153,5.5063,19.2279,17.4301,5.5011,19.1846
10,30,250,35,15,16.9458,6.3939,17.0939,16.9928,6.3604,17.38
10,60,250,15,30,16.5287,7.3166,20.0735,16.4368,7.0443,19.9648
90,50,250,35,35,16.4987,6.5307,16.7865,16.5888,6.7377,16.9483
60,60,160,20,25,18.4955,7.4166,16.009,18.2926,7.4893,16.345
60,40,250,30,20,17.5226,5.7313,17.2869,17.5312,5.5588,17.4061
70,30,170,20,15,19.1973,5.9989,16.3995,19.0635,6.174,16.7389
30,30,250,30,15,17.1989,6.0618,17.8075,17.3336,5.8865,17.9248
20,60,250,35,25,16.9691,7.3226,17.8737,17.0673,7.2468,17.7236
40,60,250,20,20,17.4569,6.2582,17.8179,17.3368,6.209,18.006
20,20,250,15,25,16.2709,7.3559,20.7997,16.5432,7.0482,20.6232
10,40,250,30,25,16.5388,6.7916,19.2644,16.6149,6.795,19.0136
10,50,250,25,20,16.9083,6.8135,17.4637,16.9971,6.5641,17.7197
90,30,250,15,35,16.6046,5.8845,19.543,16.5904,5.8592,19.7339
50,50,170,30,15,18.7547,7.118,14.8832,18.5781,6.961,15.1947
30,30,250,25,15,17.1673,5.9335,18.3821,17.2885,5.9036,18.4733
90,30,160,35,15,19.2465,6.5834,15.6496,19.0248,6.6103,15.3187
30,20,250,20,20,16.7659,6.4812,18.4034,16.9865,6.1573,18.6829
50,40,250,30,15,17.6427,5.7431,17.6807,17.6465,5.6159,17.7497
10,40,250,20,20,16.7268,6.6515,18.1776,16.7897,6.4722,18.5164
50,50,160,35,25,18.403,7.6626,14.4745,18.3216,7.579,14.7876
40,60,250,15,30,16.9369,6.8797,20.0838,16.6919,6.638,19.9689
30,60,160,20,20,18.3772,8.2836,15.9415,18.3571,8.2167,15.7603
30,30,250,15,35,15.9108,6.6659,19.4838,16.0692,6.5835,19.813
30,60,230,25,30,17.1592,6.9744,18.2945,17.0379,6.921,18.0297
10,60,250,30,25,16.8042,7.2354,18.5901,16.9623,7.0884,18.5375
100,40,180,35,30,18.1085,6.5107,15.2644,18.216,6.5951,15.5897
50,50,170,25,15,18.7877,6.9133,15.4056,18.5929,6.8745,15.7532
80,20,160,35,20,19.2247,6.6011,15.3581,18.9813,6.5803,15.2993
30,50,250,35,25,16.9964,6.8832,18.2472,16.987,6.8563,18.1492
10,40,230,30,30,16.7414,6.9613,18.196,16.5605,7.0386,17.8819
100,60,250,25,20,17.4892,6.2772,17.2549,17.7033,5.9596,17.4222
70,40,250,30,35,16.5312,6.2853,17.6834,16.5911,6.2355,17.933
60,20,250,25,15,17.509,5.3039,18.7036,17.5773,5.3478,18.7276
40,40,250,30,30,16.6377,6.4396,18.9102,16.5725,6.5002,18.6617
100,40,250,30,15,17.8224,5.7602,17.4707,17.8978,5.603,17.7147
60,60,250,20,15,17.8575,5.585,18.4198,17.8101,5.6816,18.4777
60,30,160,35,25,18.733,6.8847,14.8284,18.6155,6.7822,14.9872
70,30,250,30,20,17.5243,5.5291,17.4994,17.5963,5.4153,17.7804
70,20,250,30,15,17.656,5.294,18.1516,17.7202,5.3773,18.2592
60,40,250,20,15,17.7327,5.2076,18.9928,17.6701,5.294,19.0828
90,40,160,15,25,18.9686,6.6644,16.8953,18.7997,6.7576,17.1396
60,50,160,20,25,18.645,7.2088,16.1143,18.4158,7.2044,16.4448
50,20,250,30,15,17.3836,5.5278,18.15,17.5037,5.5985,18.1284
30,40,250,25,25,16.8171,6.3685,20.0177,16.8369,6.419,19.684
70,50,250,30,15,17.8566,5.7703,17.4074,17.9065,5.4885,17.5785
100,30,180,35,25,18.614,6.1304,15.6912,18.7297,6.1778,16.0387
70,60,250,20,15,17.8921,5.5387,18.4153,17.9175,5.5265,18.5383
100,50,160,35,30,18.0229,7.441,14.4013,18.1996,7.3683,14.7309
100,50,250,25,20,17.5731,6.0291,17.4675,17.6653,5.6935,17.6335
100,20,160,35,25,18.9887,6.713,14.9208,18.7628,6.5951,15.0976
80,50,250,25,35,16.6094,6.2513,17.9924,16.6216,6.2584,18.2176
10,60,250,35,30,16.4997,7.6093,17.573,16.6956,7.2985,17.6045
100,60,250,30,15,17.6722,6.1554,17.1021,17.8428,5.9202,17.2971
60,20,250,15,20,17.2496,5.447,19.3949,17.3386,5.3459,19.4953
70,20,250,25,15,17.6433,5.2207,18.6752,17.7024,5.2684,18.7728
80,30,160,35,20,19.0973,6.7331,15.3031,18.913,6.7514,15.0992
60,40,160,30,25,18.6661,7.2523,15.202,18.4898,7.0318,15.285
60,50,170,30,15,18.8429,6.8126,15.0366,18.6422,6.8037,15.3101
80,20,250,25,20,17.5141,5.5361,18.1858,17.564,5.3925,18.3504
100,60,250,15,15,17.8063,5.6228,18.939,17.9109,5.4362,19.1179
100,60,160,25,25,18.2513,7.5201,15.5663,18.3497,7.2796,15.8673
70,20,250,30,35,16.3384,6.1173,18.1156,16.5074,6.2261,18.3209
10,20,220,35,35,16.4901,7.4625,17.2532,16.372,7.2761,17.0447
90,20,250,15,15,17.8394,5.1972,19.6281,17.9713,5.2566,19.7275
70,40,250,30,20,17.5942,5.6569,17.2782,17.654,5.4242,17.4717
10,60,230,25,30,16.8779,7.2756,18.2818,16.8265,7.2609,17.9788
90,20,160,20,25,19.1255,6.6946,16.356,18.8391,6.6392,16.5923
30,40,160,35,25,18.2443,7.8858,14.3623,18.1234,7.8906,14.6673
40,50,170,30,15,18.6468,7.337,14.7872,18.5098,7.1616,15.0881
20,60,250,20,15,17.3774,6.3484,18.2358,17.3648,6.4693,18.3308
10,20,230,30,30,16.5343,7.3668,18.1459,16.3762,7.207,18.0507
30,50,250,25,30,16.6149,6.6764,19.2121,16.499,6.81,19.0767
20,60,250,25,30,16.5967,6.9921,18.9053,16.4939,7.2093,18.8498
100,60,250,35,20,17.3826,6.2894,16.2423,17.5944,6.2801,16.4004
100,30,180,30,30,18.3694,6.3293,15.8136,18.417,6.3514,16.0368
100,60,160,15,25,18.4771,7.2637,16.6511,18.5119,7.1403,16.9024
80,60,250,15,35,16.6739,6.0683,19.0633,16.7071,6.1291,19.3422
40,60,250,25,30,16.8323,6.6693,18.9605,16.7047,6.8762,18.8245
70,20,160,25,25,18.9206,6.7426,15.9131,18.7588,6.6024,16.2102
80,30,250,35,15,17.8091,5.4019,17.2604,17.9479,5.4988,17.5292
20,50,160,25,20,18.2106,8.5036,15.3856,18.1944,8.3651,15.2058
50,40,250,30,35,16.3756,6.5161,17.6405,16.3926,6.414,17.9675
90,60,250,30,15,17.7715,5.9664,17.1847,17.8583,5.8331,17.3173
70,40,250,30,15,17.8282,5.4864,17.721,17.8814,5.3697,17.9151
40,20,160,20,25,18.2349,7.7347,16.1319,18.1722,7.638,16.4732
70,30,250,30,35,16.4437,6.2514,17.865,16.5516,6.1964,18.1983
50,20,160,25,25,18.5442,7.2436,15.7524,18.4287,7.0186,16.0658
50,20,250,25,20,17.1334,5.7308,18.2853,17.2927,5.5527,18.3033
20,60,210,35,25,17.6776,7.4535,16.7987,17.6668,7.2069,16.5404
60,20,250,30,20,17.3042,5.5458,17.7029,17.4635,5.4768,17.8722
70,30,170,25,15,19.1743,6.0965,15.8298,19.0674,6.1062,16.1743
30,60,160,30,15,18.4667,8.3775,15.2021,18.3619,8.1444,14.9044
40,20,250,20,15,17.1579,5.7981,19.1094,17.3315,5.706,19.1154
50,20,160,15,25,18.4304,7.4536,16.7833,18.3797,7.3092,17.0368
70,20,160,35,20,19.1431,6.626,15.3568,18.9602,6.5626,15.2919
10,30,250,20,30,15.9983,7.1459,20.0154,16.136,7.1539,19.7796
50,60,250,30,15,17.7854,6.2506,17.0567,17.7309,6.0814,17.1557
80,40,250,25,20,17.65,5.6223,17.8448,17.6458,5.3419,18.0469
70,50,160,30,30,18.2696,7.3434,14.8597,18.1769,7.3046,15.1657
30,60,250,25,15,17.5562,6.4184,17.5468,17.544,6.3745,17.7545
20,50,250,30,20,17.1271,6.637,16.8761,17.1462,6.5401,17.1074
10,60,220,35,20,17.6675,7.405,16.2808,17.6436,7.125,15.9454
100,30,170,25,20,19.0875,6.4383,15.3635,19.0279,6.1801,15.681
60,20,170,20,15,19.0106,6.3433,16.3105,18.8976,6.3914,16.6497
50,20,250,35,35,16.1189,6.2808,17.494,16.3889,6.398,17.7981
90,60,250,20,20,17.619,5.8615,17.915,17.7283,5.6664,18.0868
50,40,160,25,25,18.5742,7.3648,15.5819,18.4075,7.1697,15.8987
70,20,250,35,15,17.662,5.3235,17.5017,17.7906,5.4885,17.7369
60,60,250,25,35,16.5894,6.5831,17.6944,16.6008,6.5273,18.0406
30,50,230,30,30,17.1244,6.8192,17.9917,16.9427,6.8051,17.6888
20,30,160,35,35,17.5123,8.2255,15.0421,17.5181,8.0523,14.7853
20,50,160,35,35,17.4864,8.7147,14.6897,17.5706,8.3725,14.5661
70,20,160,35,15,19.2794,6.5287,15.6793,19.0535,6.4666,15.4583
30,50,250,30,25,16.9817,6.7324,18.9186,16.9369,6.7631,18.7186
90,60,160,25,25,18.3546,7.3777,15.6127,18.353,7.1707,15.945
10,40,160,30,35,17.3019,8.7116,15.3638,17.4291,8.4363,15.0145
70,50,160,35,25,18.4896,7.2352,14.7018,18.4335,7.2127,14.9767
20,50,250,25,25,16.7999,6.7632,19.6242,16.8221,6.8275,19.3971
20,60,220,35,20,17.7992,7.3665,16.2206,17.7155,7.0309,15.9637
40,40,250,15,35,16.2101,6.2385,19.5153,16.2263,6.2667,19.7876
40,30,170,30,15,18.7104,6.9134,15.0513,18.5813,6.8084,15.3536
60,30,160,15,25,18.7613,6.9343,16.8897,18.7154,6.8783,17.1488
40,20,250,15,15,17.1041,5.932,19.6093,17.3131,5.707,19.6144
80,20,250,20,15,17.754,5.1488,19.1854,17.8538,5.2363,19.2788
20,30,250,15,15,16.8923,6.4638,19.2627,17.1204,6.3228,19.3375
80,50,160,35,30,18.1801,7.2824,14.4613,18.2006,7.2572,14.7719
60,50,160,35,20,18.7025,7.4867,14.9338,18.5372,7.4299,14.6815
70,20,180,35,30,18.423,6.0424,15.5168,18.4923,6.1636,15.8592
40,20,160,35,25,18.4162,7.3033,14.6726,18.3828,7.1703,14.9553
10,20,210,35,30,16.9996,7.4123,17.0218,16.9528,7.1336,16.7309
30,30,250,15,20,16.8763,6.1975,18.9988,17.0438,6.0313,19.2454
30,50,250,25,25,16.9497,6.609,19.6321,16.9301,6.6444,19.3866
100,40,250,25,35,16.56,6.3536,18.0194,16.5993,6.2621,18.2492
60,30,170,30,15,19.0477,6.3693,15.2704,18.909,6.2795,15.491
80,50,250,30,20,17.6296,5.8549,17.0011,17.6595,5.6573,17.1664
60,30,250,30,20,17.4279,5.5862,17.525,17.4842,5.4702,17.766
80,60,250,30,30,16.9292,6.4225,18.4726,16.9037,6.5356,18.1315
60,20,170,30,15,19.0655,6.2973,15.3261,18.9798,6.2156,15.5939
60,30,250,25,20,17.4181,5.575,18.1463,17.4507,5.3668,18.363
80,40,250,35,20,17.6022,5.7625,16.6891,17.6804,5.7308,16.8464
20,30,250,35,30,16.2515,6.7444,18.5229,16.2713,6.7682,18.2518
20,40,250,20,20,16.8971,6.3886,18.2646,16.9379,6.2546,18.5167
100,40,160,25,25,18.7526,6.9424,15.79,18.5964,6.7998,15.7977
30,40,250,30,15,17.3552,6.1587,17.5755,17.4293,6.0163,17.6982
40,50,250,20,30,16.7245,6.346,19.9587,16.617,6.5198,19.6627
80,20,160,30,25,19.0209,6.6906,15.48,18.831,6.4357,15.4298
20,40,250,20,15,17.1038,6.1261,18.751,17.2006,6.1578,18.9064
70,40,160,30,30,18.4456,7.0537,14.9853,18.2992,6.9563,15.3245
40,30,250,30,20,17.1595,5.9028,17.4677,17.2547,5.7661,17.643
20,30,160,15,25,17.725,8.673,16.2819,17.7461,8.5058,16.611
40,50,160,25,20,18.5776,7.8626,15.6376,18.637,7.6507,15.4872
20,60,250,30,20,17.241,6.8811,16.5793,17.2899,6.7557,16.9086
20,50,230,25,30,16.937,7.0033,18.5185,16.7171,7.0143,18.2225
40,60,250,35,15,17.7018,6.4573,16.4145,17.6234,6.4177,16.7227
50,50,250,35,35,16.4515,6.818,16.705,16.5229,6.7526,17.0249
30,30,250,35,20,17.0479,6.113,16.8797,17.1818,6.0396,17.0232
70,40,160,35,20,18.9202,7.0009,15.1656,18.8117,7.0124,14.818
30,50,160,30,35,17.641,8.4778,15.303,17.6395,8.1925,14.9759
10,50,250,30,25,16.6922,6.9829,18.9338,16.787,6.937,18.7777
10,60,220,30,35,16.7581,7.7081,17.167,16.7182,7.456,16.8531
70,40,160,15,25,18.8842,6.7414,16.8951,18.7398,6.8367,17.173
20,40,160,35,25,18.0603,8.1486,14.2643,17.9114,8.133,14.59
80,60,250,25,15,17.8605,5.6985,17.7809,17.911,5.5589,17.9775
80,40,250,30,20,17.627,5.6618,17.2353,17.6811,5.5069,17.4053
30,40,250,20,15,17.2635,5.9285,18.7901,17.3167,5.8604,18.9837
40,30,250,30,30,16.5013,6.2549,19.2163,16.5241,6.3172,18.9033
60,60,250,15,30,17.1053,6.5015,20.2565,16.8879,6.2373,19.9568
70,30,190,20,15,18.9824,5.4044,17.2604,19.0864,5.568,17.5766
40,20,250,20,35,15.9437,6.4826,19.114,16.2583,6.3459,19.4238
30,30,250,25,35,15.9633,6.6183,18.3738,16.1808,6.5721,18.7026
60,20,160,35,25,18.7879,6.752,14.8935,18.7437,6.5663,15.0972
80,60,250,30,15,17.8297,5.9481,17.1749,17.8794,5.7416,17.3586
70,50,250,20,35,16.6218,6.0204,18.6966,16.6417,6.0591,19.0316
60,20,250,30,35,16.2215,6.2087,18.1232,16.477,6.1912,18.394
60,30,250,35,15,17.664,5.4513,17.3299,17.7566,5.5558,17.5345
20,60,160,30,15,18.3354,8.53,15.165,18.2245,8.3232,14.8303
60,60,250,35,15,17.8144,6.0823,16.5485,17.829,6.0027,16.7192
30,50,250,35,20,17.3019,6.6023,16.3173,17.2984,6.4664,16.5115
80,30,160,15,25,19.0362,6.5853,16.9707,18.8901,6.6338,17.2435
50,20,250,30,20,17.1644,5.686,17.6831,17.3665,5.6296,17.7458
10,60,250,25,30,16.442,7.1836,18.8764,16.4771,7.1776,18.8752
40,20,250,35,15,17.2641,5.6909,17.4672,17.4567,5.8537,17.5248
40,40,250,35,30,16.6411,6.7225,18.2341,16.587,6.5363,18.041
40,40,160,20,25,18.4131,7.5744,16.0306,18.2658,7.5235,16.3772
60,40,250,25,15,17.7406,5.4032,18.3067,17.6939,5.3537,18.4601
70,30,250,20,35,16.4648,5.7801,19.1908,16.532,5.8781,19.4517
20,40,250,20,30,16.2913,6.6519,20.1313,16.3183,6.766,19.8303
90,30,250,30,35,16.527,6.3745,17.7005,16.608,6.2913,17.9776
50,60,250,25,20,17.568,6.3135,17.2698,17.5514,6.1159,17.4478
90,30,170,30,15,19.2258,6.183,15.3311,18.9992,6.1536,15.6459
10,50,160,25,20,18.0112,8.672,15.389,18.1453,8.5169,15.1591
10,30,230,35,30,16.6756,6.9933,17.7932,16.5121,6.9677,17.5765
50,60,250,30,25,17.2491,6.6807,18.6602,17.2524,6.6388,18.3963
30,30,160,35,35,17.7122,7.9303,15.1381,17.6827,7.7487,14.7954
50,30,170,15,15,18.8116,6.6713,16.7048,18.6774,6.7636,17.0177
50,60,170,30,15,18.6218,7.3742,14.7541,18.5024,7.2534,15.0377
10,20,250,25,30,15.8953,7.5106,19.2845,16.0164,7.2236,19.3136
20,60,200,35,20,17.9731,7.5982,15.7007,17.919,7.281,15.3536
40,50,160,30,25,18.343,8.0046,14.8385,18.2549,7.7475,15.0665
90,40,160,30,25,18.7439,6.937,15.3756,18.5919,6.8079,15.378
40,30,250,25,35,16.1045,6.3774,18.4592,16.2636,6.3523,18.8055
60,30,250,35,20,17.4313,5.6587,16.9699,17.5788,5.6294,17.1526
40,50,250,35,15,17.6344,6.2192,16.6958,17.5271,6.1106,16.8539
70,20,160,30,20,19.1377,6.6444,15.7996,19.073,6.46,15.4836
100,30,160,35,20,19.0412,6.8451,15.2617,18.957,6.7584,15.1376
60,40,170,15,15,19.0237,6.3316,16.7616,18.9114,6.4263,17.0834
20,50,160,25,35,17.4874,8.7333,15.7839,17.506,8.5273,15.4511
20,60,160,25,20,18.21,8.5516,15.3278,18.1902,8.5139,15.1222
80,40,160,35,20,18.9317,6.9444,15.2005,18.8297,6.9261,14.8834
90,40,250,30,15,17.8659,5.5542,17.6109,17.9168,5.4886,17.777
20,20,230,35,30,16.7116,6.9091,17.8981,16.4967,6.9506,17.649
30,50,250,30,15,17.473,6.4217,17.2525,17.4953,6.2238,17.3919
100,40,170,25,20,18.8996,6.5958,15.2962,18.8568,6.3596,15.6456
60,30,180,30,25,18.5721,6.2302,16.2438,18.6973,6.1499,16.5834
50,60,230,30,30,17.3567,6.761,17.7579,17.2664,6.681,17.424
100,20,170,25,15,19.4016,6.1482,15.7305,19.2546,5.9616,16.0532
80,40,160,30,30,18.4635,6.9793,15.0267,18.3205,6.9239,15.3506
50,40,250,15,20,17.3532,5.5288,19.1063,17.2789,5.4861,19.3577
90,40,160,35,25,18.6537,6.8685,14.8745,18.5736,6.9264,15.0107
10,60,250,20,25,16.7299,7.1398,19.98,16.8722,6.9481,19.7683
80,20,180,30,25,18.8212,5.9337,16.3696,18.8758,5.9435,16.5921
30,60,250,20,20,17.3232,6.469,17.7706,17.2459,6.4375,18.0158
20,30,160,25,25,17.8938,8.315,15.3267,17.8184,8.1978,15.6683
20,20,230,20,30,16.5856,7.3084,19.2994,16.519,7.1528,18.9638
80,30,170,25,15,19.2527,6.0135,15.8507,19.1016,6.0383,16.1206
30,30,250,25,20,16.9474,6.2445,17.9613,17.0686,5.9888,18.0651
90,60,250,35,35,16.4498,6.685,16.619,16.5963,6.9349,16.7778
20,50,250,20,30,16.4354,6.7496,19.8634,16.4238,6.888,19.6462
10,40,160,15,25,17.801,8.6336,16.2225,17.6971,8.6195,16.4973
90,20,250,20,20,17.5975,5.5467,18.5476,17.5844,5.3311,18.8305
80,50,250,30,35,16.5765,6.4769,17.4052,16.558,6.429,17.5959
90,40,170,25,20,18.9627,6.4217,15.388,18.8742,6.3174,15.6719
90,60,250,20,35,16.5923,6.3411,18.3519,16.6523,6.3955,18.5762
10,30,250,30,15,16.8703,6.5797,17.633,16.993,6.4448,17.9011
60,50,250,25,35,16.5481,6.3533,17.9896,16.559,6.318,18.3114
80,50,250,35,30,16.921,6.4371,18.1108,16.8711,6.453,17.7617
90,50,250,35,15,17.7906,5.7672,16.7973,17.8182,5.8064,17.0489
90,30,160,35,20,19.0907,6.7875,15.2795,18.935,6.7549,15.1184
30,20,250,35,15,17.1097,5.9617,17.3672,17.3037,6.0643,17.4793
100,20,250,15,35,16.5721,6.2282,19.369,16.5028,5.9271,19.6486
70,20,250,25,35,16.3392,6.0256,18.6438,16.4956,6.1112,18.9052
20,30,230,35,30,16.8436,6.6959,17.9138,16.564,6.8511,17.6068
100,50,250,30,20,17.5238,6.0535,16.8862,17.6517,5.8902,17.044
100,40,160,35,25,18.5763,6.9788,14.8298,18.5945,6.9185,15.0204
100,40,240,35,25,17.487,6.1117,17.0371,17.5458,6.2659,17.359
40,60,230,30,30,17.2827,6.9407,17.6962,17.1915,6.8399,17.4168
50,40,160,25,20,18.7898,7.2862,15.9756,18.8328,7.0441,15.6574
40,20,250,25,15,17.1871,5.7848,18.553,17.361,5.72,18.5837
40,50,250,25,20,17.3874,6.2221,17.5607,17.3453,6.0544,17.6568
10,20,200,20,20,17.571,8.0343,17.3667,17.5157,7.7563,17.0853
80,50,250,25,15,17.8897,5.4815,18.0206,17.8898,5.3494,18.2487
20,50,250,30,30,16.4948,6.9693,18.5419,16.449,7.0427,18.4463
70,20,250,35,20,17.425,5.6096,17.091,17.6135,5.5714,17.3498
100,50,250,25,15,17.8036,5.7169,17.8717,17.849,5.5215,18.1022
20,60,250,25,25,16.9215,6.9966,19.2536,16.9439,7.0564,19.1102
50,50,250,35,30,16.8325,6.7887,17.9813,16.8066,6.6098,17.7952
90,40,170,25,15,19.1145,6.1806,15.7627,18.993,6.1576,16.0575
90,40,160,35,30,18.3487,7.0415,14.5675,18.2656,7.0803,14.8879
100,60,250,20,15,17.7587,5.7397,18.3272,17.8952,5.6105,18.4924
60,40,250,20,20,17.5086,5.4908,18.5029,17.4547,5.3849,18.6964
100,30,160,30,20,19.1155,6.7438,15.7289,19.0827,6.5742,15.4086
40,60,250,25,25,17.1728,6.6734,19.3063,17.1377,6.7181,19.0792
20,50,250,35,15,17.3702,6.5388,16.6544,17.3431,6.4463,16.8949
30,50,250,25,15,17.4474,6.1556,17.8932,17.4462,6.1354,18.0039
90,60,250,25,35,16.5507,6.4926,17.7437,16.5762,6.5625,17.9673
50,30,160,35,20,18.8173,7.256,15.0388,18.8571,7.0384,14.8429
70,50,170,25,15,18.9379,6.4759,15.6203,18.7477,6.5707,15.9391
80,20,250,30,20,17.5137,5.5537,17.5731,17.5783,5.4805,17.838
30,40,160,15,25,18.15,8.0288,16.4127,18.0828,7.9512,16.7437
20,50,160,25,25,18.0218,8.4642,15.0849,17.8439,8.4095,15.4347
50,50,250,25,35,16.4705,6.4959,17.951,16.4412,6.4925,18.2962
30,50,160,30,25,18.1903,8.3679,14.6655,18.0614,8.0785,14.9503
60,60,250,15,20,17.644,5.6304,18.6167,17.5526,5.698,18.6844
90,50,250,30,15,17.8323,5.8026,17.3556,17.8686,5.6034,17.5338
80,40,250,25,35,16.5841,6.1068,18.2167,16.597,6.1209,18.5143
90,30,250,20,35,16.5833,5.9465,18.9553,16.5897,5.9499,19.2847
80,20,250,15,15,17.7419,5.0798,19.8087,17.9166,5.2578,19.7691
20,60,230,25,30,17.0389,7.0579,18.327,16.9108,7.1613,18.0018
100,30,190,30,35,17.9094,6.4252,15.8421,17.9195,6.3524,16.1657
30,40,250,15,15,17.2212,5.8738,19.4221,17.2969,5.8226,19.5373
70,50,250,25,15,17.8714,5.4923,18.0428,17.8756,5.4072,18.2183
90,20,160,30,20,19.2877,6.5915,15.7888,19.1458,6.4202,15.5867
10,60,160,25,35,17.4592,8.9811,15.5876,17.4772,8.8033,15.2727
100,40,160,15,25,18.9308,6.7857,16.8257,18.7925,6.7816,17.0398
50,20,250,30,35,16.106,6.3024,18.1254,16.3955,6.3006,18.3514
90,40,250,30,35,16.5598,6.3489,17.5864,16.5613,6.373,17.741
30,60,230,20,30,17.1398,6.8206,18.9822,16.98,6.7985,18.6333
10,40,250,15,20,16.6631,6.7225,18.6761,16.8619,6.5606,19.0178
20,60,160,20,20,18.2022,8.5791,15.8355,18.1722,8.5357,15.6328
50,40,160,35,30,18.25,7.4834,14.3202,18.1577,7.3887,14.6625
20,50,250,30,25,16.8271,6.9671,18.8483,16.8515,6.9062,18.7626
60,20,250,35,35,16.2342,6.1807,17.5004,16.4897,6.3259,17.7962
40,50,250,25,15,17.5938,5.9512,17.936,17.5668,5.9325,18.0317
80,50,250,35,20,17.5942,5.9712,16.453,17.6321,5.8518,16.5914
80,20,160,35,25,18.9888,6.5484,14.9879,18.7816,6.5348,15.1468
100,20,180,30,25,18.8483,6.1672,16.2105,18.8769,6.0199,16.4768
50,60,250,35,20,17.5444,6.5186,16.1155,17.5845,6.3727,16.3522
80,60,250,20,15,17.8905,5.4859,18.4448,17.9148,5.4267,18.6184
40,50,160,30,20,18.5591,7.8747,15.1441,18.6405,7.6311,14.866
20,50,250,25,20,17.0899,6.5839,17.5102,17.089,6.4887,17.671
100,60,250,15,20,17.5763,5.8389,18.463,17.732,5.6228,18.6747
80,60,250,20,20,17.665,5.7839,17.9541,17.7024,5.5611,18.1995
60,20,200,15,25,18.2379,5.926,18.5621,18.2045,6.0401,18.8886
10,60,190,35,25,17.6892,7.8939,16.2484,17.7717,7.5727,15.9258
90,30,180,30,25,18.721,6.1266,16.2561,18.7964,6.0306,16.4733
40,30,170,35,15,18.7377,6.7407,14.5373,18.6497,6.8155,14.8384
80,30,180,30,30,18.4136,6.1057,15.9508,18.367,6.2496,16.2688
10,50,250,35,25,16.7929,6.9719,18.3472,16.859,6.9846,18.2162
40,30,160,25,25,18.3896,7.5348,15.5872,18.2936,7.3278,15.9228
60,40,190,35,20,18.6232,5.9937,15.1148,18.681,6.0343,15.4604
60,40,170,35,15,18.9403,6.4334,14.6737,18.7572,6.6923,14.9992
60,60,250,25,30,16.9681,6.3397,19.0864,16.9347,6.4887,18.7983
60,40,250,15,35,16.4702,5.8355,19.623,16.5252,5.8981,19.8797
10,60,220,35,35,16.7986,7.7964,16.5427,16.8132,7.4988,16.241
30,50,250,30,20,17.2719,6.4893,16.8836,17.2759,6.3651,17.099
30,50,250,35,15,17.5103,6.3996,16.659,17.4166,6.3294,16.8745
40,30,250,30,15,17.377,5.7685,17.9092,17.4543,5.715,17.9923
100,60,250,20,20,17.5335,6.0292,17.8399,17.719,5.7762,18.0205
40,60,160,15,35,17.7805,8.3154,16.7807,17.8948,8.0735,16.4452
20,20,230,25,30,16.6503,7.0478,18.8772,16.4397,7.0561,18.5485
20,60,210,35,30,17.3633,7.7087,16.4502,17.3064,7.3701,16.1328
30,30,250,35,30,16.3748,6.6418,18.5268,16.4724,6.5597,18.2492
60,30,180,35,30,18.2598,6.228,15.44,18.3305,6.3338,15.773
90,50,160,30,30,18.21,7.2782,14.9087,18.234,7.2181,15.2229
90,50,160,25,25,18.6023,7.0715,15.7361,18.4602,6.9561,15.914
10,20,190,20,30,17.2337,8.4283,17.5001,17.1021,8.1729,17.2448
50,60,250,20,20,17.5622,6.0617,17.8726,17.4937,5.9849,18.0061
80,60,160,15,25,18.6138,7.0725,16.7034,18.5084,7.1228,17.0493
90,20,180,30,25,18.863,5.9598,16.3381,18.882,5.9725,16.5515
60,50,160,25,25,18.5855,7.3182,15.5855,18.3583,7.301,15.8346
80,20,180,30,30,18.5172,6.0391,15.9764,18.5091,6.1355,16.2514
30,20,250,20,15,16.9637,6.2887,18.8606,17.1922,6.0615,19.07
60,40,250,30,15,17.7452,5.6343,17.6838,17.728,5.4522,17.8502
30,50,160,25,25,18.2073,8.1771,15.1853,18.0231,8.0796,15.5338
60,40,160,35,25,18.6246,7.1047,14.7347,18.4547,7.1464,14.8874
30,20,250,30,20,16.8531,6.2299,17.477,16.9853,6.0997,17.5913
10,20,250,35,25,16.306,7.0519,18.803,16.4293,6.9111,18.6694
90,50,250,25,20,17.6359,5.9183,17.5231,17.6628,5.5756,17.7001
70,60,250,25,20,17.653,6.0296,17.3732,17.7295,5.7694,17.4964
70,60,160,25,25,18.4359,7.4293,15.549,18.2969,7.4035,15.8306
50,30,250,20,20,17.2507,5.5763,18.7013,17.2677,5.5271,18.7982
70,30,160,35,25,18.8198,6.7233,14.9122,18.6984,6.6289,15.0292
40,60,250,15,25,17.1473,6.3451,20.557,17.0344,6.4686,20.4011
60,50,160,30,25,18.5284,7.4837,15.1003,18.3693,7.3654,15.206
60,30,200,15,25,18.272,5.7953,18.5862,18.3192,5.91,18.9045
80,20,160,20,25,19.05,6.6448,16.4337,18.8181,6.6513,16.6822
90,20,160,25,25,19.0947,6.6707,15.8926,18.8306,6.5586,16.0213
20,30,250,30,35,15.8537,6.9173,17.7624,15.9478,6.8781,18.0914
80,30,250,20,15,17.8324,5.0563,19.1092,17.9384,5.2011,19.2906
50,20,250,15,35,16.0642,6.2177,19.8088,16.3606,6.1422,19.9631
20,40,250,35,15,17.2407,6.2671,16.9619,17.251,6.2614,17.0712
20,60,160,30,35,17.4312,8.9277,15.0849,17.5556,8.6344,14.8288
30,40,250,30,30,16.5034,6.6124,18.8705,16.4649,6.6744,18.6621
90,50,160,35,30,18.126,7.2725,14.4732,18.2039,7.2873,14.7655
50,30,250,15,15,17.4288,5.3301,19.7762,17.4365,5.4572,19.667
80,40,250,30,35,16.5588,6.3209,17.6259,16.6033,6.2956,17.8319
30,60,250,15,30,16.8224,7.0086,20.0772,16.5853,6.8122,19.9754
60,60,250,25,15,17.8473,5.8333,17.7273,17.8484,5.7869,17.8366
70,30,160,30,25,18.8519,6.9079,15.3786,18.6829,6.608,15.5424
10,50,250,25,30,16.3256,6.9964,19.1755,16.3079,7.0363,19.0721
40,30,170,15,15,18.5668,7.0971,16.549,18.4386,7.1637,16.8895
70,40,250,15,20,17.6008,5.2636,19.1115,17.661,5.2296,19.367
30,50,250,25,20,17.2332,6.4936,17.4782,17.1865,6.2818,17.6574
90,50,250,35,20,17.5542,5.9784,16.4469,17.6313,5.9693,16.5701
100,40,250,15,15,17.9215,5.3281,19.2655,18.1332,5.2217,19.545
70,20,250,20,35,16.339,5.9551,19.2392,16.4564,5.9389,19.47
40,20,250,35,20,17.0546,5.8727,17.1034,17.2946,5.9067,17.1774
10,40,250,25,20,16.7783,6.7216,17.6572,16.825,6.4593,17.9487
70,30,250,35,15,17.753,5.3894,17.3134,17.8712,5.4524,17.5806
60,40,250,30,30,16.8492,6.1436,18.9781,16.7777,6.1688,18.7439
40,20,160,15,25,18.1377,7.9554,16.6037,18.1514,7.7565,16.9011
40,40,160,20,20,18.6017,7.5758,16.4391,18.6331,7.4471,16.0972
80,50,160,20,25,18.7327,6.9145,16.2744,18.5602,6.9283,16.6097
20,40,160,30,20,18.2233,8.2129,15.0938,18.2176,8.1688,14.8257
50,30,250,20,35,16.232,6.0303,19.1761,16.3695,6.1064,19.4264
10,20,230,30,25,16.8113,7.3204,18.5645,16.7497,7.0062,18.2561
30,50,250,20,30,16.5847,6.5578,19.9006,16.5065,6.6821,19.6593
90,30,250,15,20,17.6707,5.2932,19.1045,17.7266,5.2455,19.3551
10,60,250,15,25,16.6848,6.8935,20.4931,16.7921,6.9123,20.3878
80,40,250,20,20,17.6629,5.4191,18.4231,17.6523,5.2247,18.6654
80,30,250,35,35,16.4802,6.229,17.2255,16.5875,6.4159,17.4487
60,50,160,35,30,18.1767,7.5541,14.3173,18.1009,7.5369,14.632
30,60,250,15,25,17.0074,6.5549,20.4987,16.9552,6.7042,20.3912
50,20,160,30,25,18.5922,7.1847,15.3104,18.5523,6.8357,15.4463
30,50,250,35,30,16.6346,7.1189,17.893,16.6313,6.9839,17.8055
40,40,250,35,15,17.5337,5.9312,17.0171,17.5153,5.8993,17.1109
80,40,250,15,15,17.8985,5.0095,19.5631,18.0958,5.1787,19.693
20,60,250,15,15,17.321,6.295,18.8488,17.3396,6.3947,18.905
30,60,250,20,25,17.0371,6.8236,19.9806,17.0119,6.7872,19.7419
80,40,250,20,35,16.6083,5.9193,18.8723,16.5805,5.9482,19.1751
100,60,170,30,15,18.4764,7.1064,14.9297,18.6516,6.8473,15.1963
40,30,250,25,20,17.1287,5.9222,18.0827,17.1816,5.7319,18.1926
40,20,160,35,35,17.884,7.5752,15.3368,17.8994,7.2549,15.0083
10,20,250,20,30,15.9154,7.646,19.7787,16.1247,7.3562,19.8131
70,60,250,15,20,17.687,5.5947,18.598,17.6495,5.5115,18.7472
100,60,250,25,35,16.4725,6.6275,17.6903,16.5646,6.6657,17.9189
80,60,250,15,20,17.6934,5.5564,18.6116,17.7109,5.3932,18.8151
70,40,170,30,15,19.048,6.3463,15.264,18.8599,6.3748,15.4481
50,50,250,30,15,17.7258,6.037,17.3398,17.7224,5.8564,17.468
10,20,200,35,35,16.8551,7.6951,16.4753,16.9336,7.4085,16.1687
90,60,250,30,20,17.5309,6.1054,16.7705,17.6715,6.0125,16.9024
10,20,230,35,25,16.8872,7.0939,18.1006,16.8104,6.9197,17.795
20,60,160,30,20,18.188,8.7115,14.746,18.1256,8.37,14.7231
10,20,240,30,20,16.8504,7.0579,18.016,16.7185,6.943,17.7308
100,30,250,15,15,17.9256,5.3055,19.3701,18.1004,5.2386,19.7093
50,60,250,30,30,16.8974,6.7558,18.3096,16.8416,6.7807,18.187
80,40,250,30,15,17.8641,5.5187,17.6582,17.9182,5.3928,17.8775
90,30,160,35,25,18.8546,6.667,14.956,18.6958,6.6859,14.9825
100,30,250,30,20,17.6001,5.8409,17.1908,17.7286,5.6519,17.5246
90,30,200,35,30,18.0902,5.9069,16.0135,17.9737,6.12,16.355
40,40,170,30,15,18.6925,7.1841,14.8664,18.5444,6.9682,15.2079
40,60,250,15,15,17.6408,5.8269,18.955,17.5486,5.9756,18.996
50,60,250,25,15,17.7821,6.0097,17.6606,17.7501,5.9765,17.7827
70,30,250,15,15,17.7284,4.9771,19.8215,17.8579,5.2435,19.7561
10,30,250,25,20,16.6183,6.8513,17.7164,16.7187,6.6198,18.0248
100,60,250,30,35,16.4245,6.8656,17.1036,16.5886,6.8978,17.3269
80,30,250,35,20,17.5696,5.6209,16.8979,17.7167,5.6542,17.0861
80,40,250,35,15,17.839,5.5265,17.0569,17.9085,5.583,17.2991
100,50,210,35,35,17.2889,6.7391,15.4966,17.3932,6.755,15.83
50,30,250,30,20,17.3025,5.7191,17.5106,17.3932,5.6164,17.6912
50,60,160,25,35,17.7596,8.1885,15.9919,17.8429,7.9294,15.6646
50,20,250,35,15,17.4147,5.4863,17.5259,17.569,5.6941,17.5989
70,50,160,30,25,18.5595,7.351,15.1726,18.4286,7.1715,15.2812
100,20,160,35,20,19.2353,6.7599,15.2791,19.0235,6.6158,15.314
100,30,170,30,15,19.1888,6.2559,15.2947,19.001,6.1658,15.6375
100,50,250,30,15,17.7637,5.899,17.314,17.8614,5.7276,17.4708
30,40,250,15,35,16.0618,6.5108,19.4147,16.0912,6.5054,19.7468
60,40,250,15,20,17.4998,5.3001,19.1677,17.4024,5.3168,19.3673
10,30,160,35,25,17.793,8.34,14.2743,17.8496,8.1362,14.6232
90,20,170,25,20,19.2437,6.2424,15.4572,19.0778,6.1455,15.7453
40,20,160,30,25,18.3524,7.6034,15.1408,18.2964,7.3254,15.4014
10,40,160,25,20,17.9209,8.5651,15.57,18.1153,8.361,15.2398
10,60,160,15,25,17.9903,8.6283,15.9778,17.6985,8.7236,16.3101
70,20,250,35,35,16.3312,6.1592,17.4623,16.506,6.3511,17.7331
70,60,160,30,25,18.3578,7.6085,15.0612,18.3242,7.4489,15.3889
90,40,250,15,20,17.7011,5.4073,18.8997,17.7542,5.2275,19.2011
50,30,170,30,15,18.8877,6.675,15.1331,18.8078,6.4722,15.4305
80,50,250,25,20,17.6632,5.8,17.6108,17.6307,5.456,17.8076
60,50,250,30,35,16.5348,6.5974,17.3839,16.5504,6.4257,17.682
90,30,180,35,25,18.6668,5.9773,15.7767,18.7372,6.061,16.1039
20,60,250,15,30,16.6676,7.2746,19.9839,16.4906,7.0256,19.967
60,50,250,25,20,17.595,5.8935,17.6284,17.5552,5.6568,17.7146
30,60,180,35,20,18.2151,7.7674,15.2273,18.2192,7.4443,14.8893
100,50,190,35,15,18.5641,6.1239,15.2283,18.7625,6.143,15.5726
50,40,250,25,20,17.4058,5.8266,17.8976,17.3537,5.6297,18.0243
50,50,230,35,30,17.3375,6.7309,17.4425,17.2225,6.4985,17.1546
90,60,250,20,15,17.843,5.613,18.3694,17.9024,5.5049,18.5685
50,60,160,15,25,18.4768,7.5891,16.4033,18.3119,7.5832,16.74
90,40,250,20,20,17.6805,5.5222,18.318,17.6855,5.272,18.5813
60,60,230,35,30,17.3815,6.8623,17.1901,17.2279,6.7157,16.9596
90,30,250,30,20,17.6138,5.6596,17.3275,17.6956,5.5208,17.5895
50,50,250,25,30,16.8515,6.2784,19.3342,16.7455,6.4377,19.0528
20,60,250,20,20,17.1721,6.648,17.7547,17.1495,6.6307,18.0292
90,40,160,25,25,18.8134,6.8264,15.8419,18.5961,6.7901,15.9156
70,20,170,25,15,19.207,6.0987,15.8456,19.1068,6.0914,16.1955
100,20,250,15,15,17.8965,5.4094,19.3985,17.9948,5.2767,19.6795
10,30,250,35,20,16.7485,6.5733,16.7304,16.7965,6.4308,17.0252
20,40,230,30,30,16.897,6.7787,18.2365,16.6252,6.9367,17.8973
40,40,160,35,25,18.4024,7.612,14.4812,18.3781,7.4825,14.6849
80,50,250,35,35,16.5327,6.5017,16.8071,16.5818,6.6335,16.9828
30,60,220,35,15,18.1178,6.9242,16.6343,17.9959,6.6795,16.2911
90,20,160,35,25,19.0135,6.5902,14.9728,18.7705,6.5686,15.1202
20,20,250,30,20,16.6978,6.6085,17.3016,16.7839,6.4911,17.5462
20,40,160,30,25,18.0133,8.4704,14.6728,17.9107,8.2137,15.005
100,30,180,35,30,18.303,6.3161,15.3678,18.3949,6.383,15.6135
40,30,160,25,20,18.5824,7.49,15.9827,18.6425,7.2581,15.6509
20,60,160,15,15,18.3224,8.4547,16.666,18.2808,8.4135,16.3195
70,50,250,35,30,16.9218,6.5257,18.0718,16.8793,6.3639,17.8152
70,60,250,35,15,17.8183,5.9578,16.6018,17.8068,5.9343,16.7874
40,60,220,35,20,18.0338,6.9488,16.3365,18.0265,6.616,16.0047
30,50,230,35,30,17.1402,7.0662,17.3554,17.0135,6.8748,17.1925
20,60,250,25,15,17.4095,6.5887,17.5339,17.4174,6.5381,17.7614
20,20,250,25,15,16.8553,6.5923,18.1624,17.0072,6.4056,18.4463
90,40,250,35,15,17.8266,5.5936,16.9954,17.8823,5.6794,17.2809
30,20,250,35,20,16.8871,6.1874,16.9806,17.1031,6.1066,17.0979
50,30,250,20,15,17.4683,5.3029,19.1974,17.4824,5.455,19.1692
30,60,220,15,35,16.9513,7.1422,18.977,16.9024,6.9532,18.6319
90,30,190,35,35,17.8909,6.1767,15.4355,17.8865,6.3039,15.7479
50,40,250,35,20,17.4284,6.0219,16.6723,17.4531,5.8403,16.783
80,50,250,30,15,17.867,5.6999,17.4286,17.8797,5.4893,17.5991
50,30,160,15,25,18.5489,7.2767,16.772,18.4739,7.1982,17.0394
90,40,180,30,25,18.5615,6.2319,16.2005,18.6108,6.2469,16.4409
90,60,170,25,15,18.6677,6.7361,15.5195,18.7187,6.6442,15.8581
100,50,240,35,25,17.4185,6.2853,16.8582,17.4926,6.4067,17.1988
90,60,250,35,20,17.4773,6.2133,16.2436,17.6066,6.1894,16.4166
30,30,230,35,30,16.9747,6.5582,17.9413,16.7194,6.5449,17.6356
50,50,250,30,25,17.2064,6.379,19.0202,17.159,6.3863,18.6879
30,60,250,15,20,17.2889,6.2835,18.4188,17.2101,6.3199,18.6273
70,30,250,35,35,16.4332,6.2121,17.2741,16.5511,6.3656,17.5477
30,20,250,15,15,16.9277,6.4231,19.339,17.2023,6.099,19.4729
10,60,250,25,25,16.8531,7.0052,19.3415,16.9199,7.0177,19.1639
80,40,160,30,25,18.7631,6.9586,15.3581,18.5852,6.7976,15.4023
20,40,250,25,25,16.6567,6.5713,19.973,16.7134,6.6341,19.647
10,50,230,35,30,16.8731,7.2928,17.3652,16.7876,7.1898,17.1632
50,60,250,35,35,16.4969,7.0204,16.4529,16.6119,6.9743,16.7897
60,20,250,25,35,16.225,6.0838,18.6782,16.4691,6.0777,18.9701
10,50,160,35,35,17.5014,8.678,14.6989,17.5163,8.4775,14.5867
30,30,250,15,15,17.0699,6.0416,19.4733,17.2431,5.9213,19.5349
60,50,250,30,15,17.8144,5.819,17.4196,17.8206,5.6669,17.5219
60,50,250,35,35,16.5086,6.6579,16.7606,16.6145,6.5809,17.0684
20,60,160,25,35,17.4411,8.9783,15.5874,17.526,8.6625,15.2926
20,20,250,35,15,16.955,6.2922,17.2292,17.0383,6.3422,17.4101
10,50,250,20,30,16.2803,6.9167,19.8479,16.3281,6.9808,19.6267
60,30,250,30,30,16.7485,5.97,19.2691,16.7844,6.0639,18.9798
100,30,160,35,35,18.1601,7.1929,15.5148,18.1413,6.8843,15.1687
60,50,250,35,25,17.257,6.4391,18.3727,17.2817,6.3119,18.0261
70,60,250,20,35,16.6392,6.2808,18.3837,16.692,6.2489,18.7217
60,20,250,15,15,17.456,5.2409,19.9067,17.5588,5.3532,19.7198
20,60,250,20,30,16.5624,6.915,19.5433,16.4848,7.1107,19.4074
80,40,250,15,20,17.6749,5.2421,19.0609,17.7445,5.2061,19.2929
80,60,250,25,35,16.5968,6.4421,17.7613,16.6134,6.4815,18.0241
20,60,250,30,15,17.4328,6.9452,16.8459,17.4443,6.6139,17.1688
70,40,250,25,20,17.606,5.5776,17.9218,17.5867,5.3006,18.1069
50,50,160,35,15,18.7836,7.5798,15.1163,18.6129,7.4718,14.8141
20,50,250,25,30,16.458,6.9443,19.1201,16.3822,6.9891,19.0835
70,50,170,35,15,18.8216,6.5657,14.6226,18.7203,6.7503,14.939
50,50,250,30,30,16.8451,6.4884,18.6412,16.7433,6.5396,18.4429
60,20,250,30,15,17.5203,5.4061,18.156,17.6125,5.4466,18.2068
10,60,250,20,30,16.4895,6.955,19.6119,16.4561,7.0882,19.429
70,30,250,35,20,17.5232,5.5495,16.9813,17.6679,5.5813,17.1599
70,30,250,20,20,17.5176,5.3265,18.6976,17.5854,5.1965,18.9432
90,30,180,35,30,18.3625,6.1005,15.4842,18.4058,6.277,15.6565
70,30,180,35,30,18.3423,6.0502,15.524,18.3808,6.2509,15.7974
40,60,250,20,30,16.822,6.5438,19.6218,16.7059,6.744,19.3708
10,60,210,35,25,17.5363,7.5721,16.8069,17.6059,7.2963,16.5619
50,50,160,30,20,18.6767,7.5829,15.2905,18.6528,7.4714,14.9502
100,30,160,30,25,18.8736,6.9037,15.3882,18.7201,6.6329,15.4836
90,30,250,15,15,17.9013,5.0904,19.576,18.0822,5.2118,19.7435
100,40,180,30,30,18.181,6.5066,15.7234,18.256,6.5822,15.9958
50,50,250,25,15,17.719,5.7465,17.99,17.6869,5.7447,18.0642
50,50,250,35,20,17.5121,6.2347,16.4048,17.4978,6.0803,16.5
50,50,250,30,20,17.5079,6.1322,16.9556,17.4818,5.9448,17.0759
40,30,250,35,20,17.181,5.9734,16.9031,17.3151,5.9096,17.0645
20,50,250,35,20,17.1531,6.8381,16.257,17.2269,6.5862,16.5323
90,30,170,20,15,19.3347,5.9292,16.3697,19.1498,6.0839,16.7105
100,60,160,20,25,18.3603,7.3584,16.1219,18.4077,7.187,16.3571
50,40,250,20,15,17.5923,5.4311,18.9301,17.5556,5.4673,19.0577
90,60,250,25,15,17.808,5.7626,17.7554,17.88,5.6429,17.9162
30,40,160,35,20,18.4543,8.0188,14.6676,18.4216,7.7632,14.5075
20,50,250,30,15,17.3331,6.496,17.2938,17.4082,6.3915,17.4126
40,30,250,15,15,17.2538,5.6493,19.6527,17.3473,5.661,19.6084
40,30,160,35,25,18.439,7.3979,14.5905,18.3808,7.2673,14.8377
20,60,180,35,35,17.302,8.2601,15.3522,17.4554,7.9564,15.0784
50,30,250,35,20,17.327,5.7303,16.982,17.4573,5.7731,17.098
80,60,250,15,15,17.9182,5.3367,19.0933,17.9399,5.2823,19.2238
100,30,250,35,35,16.4764,6.4684,17.0326,16.6084,6.5829,17.2856
60,60,250,15,15,17.8568,5.4312,19.0826,17.7628,5.5802,19.1023
50,60,250,25,30,16.9091,6.5559,18.9773,16.8197,6.6824,18.8114
40,60,250,25,20,17.4653,6.5977,17.1559,17.447,6.3182,17.4486
70,20,250,20,15,17.6282,5.1698,19.2656,17.7569,5.2313,19.2917
70,60,160,35,20,18.5105,7.6219,14.8957,18.3752,7.4549,14.5606
20,40,250,30,15,17.1751,6.4475,17.4826,17.2562,6.2638,17.675
100,20,160,30,20,19.2803,6.7073,15.7237,19.1676,6.4383,15.5944
90,40,250,25,35,16.5895,6.1916,18.1355,16.6118,6.158,18.3702
40,40,250,15,20,17.2057,5.714,19.0743,17.1675,5.6929,19.3093
70,40,250,15,15,17.8228,5.0001,19.6394,17.9197,5.2292,19.6851
50,60,250,15,25,17.2597,6.1541,20.623,17.1369,6.2817,20.3992
60,30,250,25,15,17.635,5.2699,18.5628,17.6136,5.3228,18.7087
20,40,250,35,20,17.0438,6.4001,16.6462,17.1392,6.3782,16.7839
50,40,250,35,30,16.7601,6.4791,18.329,16.712,6.3951,18.0307
70,40,170,20,15,19.1159,6.1915,16.266,18.9363,6.2881,16.616
40,30,160,15,25,18.3,7.6944,16.6241,18.2324,7.6187,16.894
80,20,250,15,35,16.4476,5.8686,19.7824,16.5167,5.9139,19.8501
50,50,160,35,20,18.6292,7.7876,14.771,18.5318,7.5855,14.6041
60,50,250,35,20,17.5697,6.1269,16.42,17.6021,5.8684,16.5345
90,20,160,35,20,19.2585,6.5933,15.364,19.0024,6.598,15.3066
20,60,230,30,30,17.0611,7.2739,17.6298,16.9903,7.2086,17.4559
30,30,160,35,25,18.2435,7.7055,14.4675,18.1794,7.6731,14.8139
40,40,160,30,20,18.6212,7.6261,15.2975,18.6669,7.4349,14.9865
60,30,160,35,20,18.9605,6.97,15.1803,18.8754,6.8995,14.9475
10,40,250,15,15,16.9452,6.4129,19.2321,17.0758,6.4452,19.2351
90,40,250,25,15,17.8887,5.4017,18.1634,17.9251,5.3174,18.4152
50,60,250,25,25,17.2618,6.4891,19.3779,17.2502,6.5286,19.0681
100,40,160,30,25,18.6704,7.0936,15.3011,18.5973,6.8152,15.3458
70,50,250,25,30,16.9806,6.0235,19.4115,16.9575,6.0956,19.0683
40,50,230,30,30,17.2435,6.6427,18.0343,17.0741,6.5692,17.6891
50,60,160,35,35,17.6324,8.3465,14.8947,17.7269,8.0646,14.6285
60,60,250,25,20,17.6248,6.19,17.2985,17.6668,5.933,17.4575
60,60,170,30,15,18.6665,7.1643,14.8614,18.5319,7.082,15.1296
60,20,160,25,25,18.7559,6.9402,15.8548,18.6545,6.7387,16.1231
70,20,250,15,15,17.6126,5.0926,19.904,17.7941,5.2708,19.7628
40,50,250,25,30,16.7336,6.5506,19.2174,16.6232,6.6261,19.0624
50,60,250,15,20,17.5538,5.8459,18.5316,17.4108,5.8874,18.626
30,30,250,35,25,16.7405,6.3741,18.9398,16.8454,6.406,18.6527
70,40,160,25,25,18.787,6.9088,15.7972,18.5422,6.8513,16.0436
70,60,160,20,25,18.5218,7.286,16.0852,18.3522,7.3078,16.4309
10,50,250,30,20,16.9715,6.7475,16.8935,17.0471,6.5998,17.1485
50,20,250,15,20,17.0689,5.7522,19.2838,17.2203,5.5462,19.4391
70,60,250,25,15,17.874,5.7265,17.7691,17.9288,5.6171,17.8949
70,30,250,25,15,17.7503,5.1957,18.5347,17.7761,5.2309,18.777
10,20,180,35,35,17.1159,8.0615,15.7165,17.1658,7.8838,15.3809
10,60,250,30,30,16.4756,7.3297,18.2236,16.5715,7.2303,18.2305
10,40,250,30,20,16.9036,6.4631,17.1967,16.881,6.5009,17.3769
60,40,250,15,15,17.7088,5.1002,19.6559,17.703,5.3135,19.6747
100,30,160,20,25,19.03,6.7311,16.3326,18.8256,6.6513,16.4855
90,30,160,30,30,18.6228,6.8251,15.0902,18.4557,6.7742,15.399
60,20,160,35,20,19.0039,6.835,15.2604,18.9368,6.6889,15.1712
100,30,250,30,35,16.5195,6.4877,17.6058,16.5946,6.3643,17.8879
80,50,160,30,30,18.2605,7.2583,14.9091,18.2205,7.195,15.2114
20,30,250,30,25,16.5375,6.6305,19.467,16.6374,6.6608,19.1579
30,40,250,30,20,17.1478,6.2218,17.1968,17.1964,6.1228,17.3136
40,50,250,35,25,17.1085,6.7396,18.2732,17.0805,6.6701,18.1087
70,60,230,35,30,17.3879,6.703,17.2689,17.2258,6.6509,16.9884
100,40,250,35,20,17.5337,5.9677,16.545,17.6857,5.9874,16.7317
30,30,250,20,20,16.9169,6.1493,18.4923,17.0366,6.0018,18.6668
50,50,250,35,25,17.1979,6.5762,18.3252,17.174,6.4838,18.0682
90,20,250,30,15,17.813,5.4577,17.9233,17.888,5.4235,18.2453
40,60,250,30,30,16.8247,6.9392,18.2408,16.7503,6.9712,18.1821
100,40,160,25,20,18.988,6.831,16.1997,19.0255,6.6366,15.8661
40,20,250,30,35,15.9548,6.5808,18.0164,16.2603,6.4497,18.2842
20,40,250,30,20,16.9907,6.4063,17.1609,17.0003,6.3863,17.3207
60,60,250,30,35,16.5626,6.8813,17.0669,16.6634,6.6917,17.409
80,40,160,25,25,18.8247,6.8149,15.8449,18.5958,6.7804,16.0336
30,60,250,30,15,17.5833,6.6766,16.9238,17.52,6.4941,17.1481
40,30,250,20,15,17.2849,5.6559,19.0556,17.3625,5.6627,19.0954
80,60,250,30,20,17.593,6.0517,16.7887,17.672,5.8981,16.9595
100,40,180,35,25,18.4157,6.3307,15.586,18.5795,6.3829,15.9021
50,30,180,35,25,18.4362,6.3188,15.6295,18.5914,6.3064,15.9747
40,40,250,25,20,17.2531,6.1085,17.8017,17.2804,5.8379,17.9565
10,40,160,35,15,18.168,8.2898,14.931,18.2523,8.0615,14.5914
20,20,160,35,20,18.0889,8.2546,14.7573,18.0369,7.9472,14.4658
40,40,160,35,15,18.762,7.5529,15.1408,18.6743,7.4423,14.8715
90,20,160,30,25,19.0657,6.682,15.4785,18.8428,6.4357,15.3409
30,30,160,35,20,18.4352,7.8252,14.8168,18.4457,7.6212,14.5651
70,20,160,35,25,18.9125,6.6029,14.9611,18.7956,6.4957,15.1822
60,60,250,30,15,17.8348,6.1187,17.0963,17.847,5.8971,17.1905
70,60,170,15,15,18.8905,6.5143,16.5906,18.6822,6.718,16.9374
90,50,250,25,15,17.8667,5.5592,17.961,17.8823,5.4533,18.1732
40,40,160,30,25,18.4014,7.8438,14.9149,18.3173,7.4992,15.1752
80,60,250,35,35,16.5058,6.6622,16.6178,16.6085,6.8627,16.813
30,50,250,20,25,16.9095,6.5974,20.3854,16.8921,6.5547,20.0619
20,50,220,30,35,16.8325,7.4043,17.4106,16.6427,7.2462,17.0697
90,50,170,30,15,18.8271,6.6233,15.1354,18.8231,6.4575,15.377
80,60,170,30,15,18.6535,6.9011,15.0051,18.661,6.7564,15.3516
80,30,250,15,20,17.6058,5.1936,19.2424,17.6962,5.2304,19.4179
100,50,160,20,25,18.6253,7.0892,16.2049,18.5414,6.9634,16.4181
70,60,250,30,30,16.9521,6.4689,18.4437,16.9195,6.5079,18.2357
20,20,160,35,35,17.4393,8.3359,15.0756,17.4559,8.0902,14.8721
90,20,250,20,35,16.5091,6.1398,18.9562,16.5358,6.0226,19.2944
90,40,190,35,15,18.8357,5.6854,15.4753,18.84,5.7562,15.816
30,40,160,30,20,18.434,7.9278,15.1798,18.4254,7.8447,14.8715
80,50,170,30,15,18.8792,6.5616,15.1646,18.7922,6.4978,15.4505
10,40,250,35,20,16.8754,6.6079,16.5978,16.99,6.4875,16.8353
10,30,250,25,15,16.9053,6.4709,18.1853,16.9507,6.493,18.4048
20,50,160,30,15,18.3569,8.4254,15.2398,18.3089,8.2063,14.893
10,60,250,15,20,16.9518,6.6726,18.3835,17.0498,6.5558,18.7193
70,50,170,30,15,18.8774,6.6829,15.1005,18.7104,6.6613,15.4055
90,40,180,30,30,18.2489,6.3526,15.8103,18.2461,6.4757,16.1535
100,60,250,30,20,17.4361,6.2396,16.7262,17.669,6.125,16.8456
60,30,250,15,20,17.3697,5.2873,19.3561,17.3811,5.3277,19.4588
20,60,250,20,25,16.8752,7.0949,19.8877,16.9088,6.9658,19.7438
100,50,170,30,15,18.7407,6.7176,15.1005,18.8045,6.5427,15.2345
80,30,250,25,15,17.8301,5.2169,18.4551,17.8884,5.2532,18.7432
70,20,170,30,15,19.2221,6.0691,15.4174,19.0193,6.1279,15.687
60,40,180,35,30,18.1741,6.4584,15.3258,18.143,6.5709,15.6716
60,60,250,20,20,17.6356,5.8935,17.9275,17.6107,5.7987,18.0301
90,20,250,25,15,17.8239,5.3718,18.4287,17.8766,5.3283,18.7479
100,40,160,20,25,18.8397,6.8408,16.3143,18.6804,6.812,16.451
80,30,250,15,35,16.5511,5.7597,19.6968,16.6014,5.8576,19.8335
10,50,250,35,15,17.2177,6.6329,16.6819,17.2772,6.4891,16.9419
50,60,160,20,20,18.64,7.6621,16.2411,18.6435,7.6182,15.9671
80,20,160,25,25,19.0348,6.6548,15.9251,18.8081,6.5715,16.1024
60,50,160,30,30,18.2375,7.5155,14.7686,18.1156,7.4997,15.1002
50,60,230,35,30,17.3523,6.9789,17.1546,17.2424,6.7869,16.8907
10,60,180,35,35,17.1795,8.4038,15.3166,17.4161,8.0848,15.111
60,60,250,35,35,16.5291,6.8504,16.5242,16.6456,6.8512,16.8069
40,50,250,30,30,16.7472,6.6651,18.5872,16.6298,6.7185,18.4286
50,30,200,15,25,18.0932,6.1086,18.4633,18.0629,6.2657,18.7895
50,30,160,35,25,18.6042,7.121,14.7115,18.5288,6.9977,14.9527
100,60,170,25,15,18.5636,6.8891,15.4627,18.6861,6.7437,15.7219
80,30,250,20,35,16.5367,5.8531,19.0734,16.5563,5.9082,19.3804
90,60,160,15,25,18.5683,7.1156,16.7013,18.5417,7.068,17.0461
100,20,160,20,25,19.1438,6.7639,16.2974,18.8598,6.6233,16.5135
50,30,250,35,15,17.5454,5.581,17.3125,17.6396,5.6916,17.4687
60,20,250,20,20,17.264,5.4973,18.8249,17.3917,5.342,18.9152
30,40,250,25,20,17.1082,6.269,17.7804,17.1027,6.04,17.9141
30,40,160,20,20,18.3742,7.9392,16.3155,18.3753,7.8424,15.9809
10,20,250,30,25,16.2497,7.2272,19.2981,16.3975,6.9773,19.1683
10,20,220,25,20,17.1915,7.5541,17.6642,17.273,7.2099,17.3748
100,50,250,25,35,16.5325,6.4635,17.8591,16.5776,6.4491,18.0761
10,40,250,25,15,16.9741,6.447,18.0613,17.0687,6.3433,18.3428
30,60,230,30,30,17.1811,7.1272,17.6441,17.0992,7.0295,17.453
20,40,250,35,30,16.3757,7.0407,18.1675,16.4092,6.8869,18.053
100,30,160,35,25,18.7997,6.7804,14.909,18.7073,6.7038,14.9743
10,60,250,20,15,17.1915,6.5955,18.1894,17.3202,6.4677,18.3658
70,20,250,15,20,17.3891,5.3512,19.3698,17.5203,5.2846,19.5043
100,50,250,35,35,16.4345,6.6374,16.7349,16.5869,6.8333,16.9164
10,50,250,35,30,16.3729,7.3021,17.9309,16.5017,7.1144,17.8363
40,30,250,20,20,17.0866,5.8341,18.6182,17.1576,5.753,18.7369
50,50,250,25,20,17.4984,6.1037,17.5593,17.4481,5.8462,17.6701
50,20,160,35,25,18.6211,6.9875,14.7959,18.6424,6.7291,15.0019
10,40,230,25,30,16.6813,6.9929,18.7686,16.5038,7.013,18.4285
70,40,250,15,35,16.5648,5.7565,19.6033,16.6399,5.8314,19.8547
60,50,250,30,30,16.9141,6.3459,18.6852,16.8522,6.3532,18.462
40,40,250,35,25,17.0102,6.4671,18.6202,16.9764,6.4189,18.3855
50,50,250,35,15,17.7324,6.0386,16.7431,17.6401,5.9182,16.8959
70,40,250,35,20,17.5762,5.8172,16.6917,17.7047,5.6258,16.9046
90,60,160,35,20,18.4019,7.5665,14.953,18.4615,7.2329,14.7135
90,20,250,15,20,17.6069,5.4882,19.09,17.6136,5.2956,19.3416
50,50,250,30,35,16.4601,6.8061,17.3006,16.4374,6.604,17.6479
80,30,160,20,25,19.0124,6.5745,16.4539,18.8398,6.6052,16.7027
10,30,250,30,30,16.1232,6.855,19.0385,16.1215,6.9688,18.7664
10,20,220,35,20,17.3492,7.0767,16.887,17.378,6.8367,16.5587
20,60,250,35,20,17.2744,6.9341,16.0668,17.3332,6.8299,16.3971
100,40,160,35,20,18.824,7.0627,15.1547,18.8633,6.9168,14.9228
30,30,160,30,25,18.1936,7.9603,14.9487,18.1246,7.6818,15.2502
20,30,250,30,15,17.0515,6.2391,17.7682,17.1134,6.2381,17.8936
100,40,250,30,35,16.5204,6.5436,17.4542,16.542,6.4775,17.6928
100,60,250,35,15,17.6204,6.0801,16.5863,17.7635,6.08,16.8148
60,30,250,35,35,16.3578,6.2624,17.2893,16.5274,6.3171,17.632
80,60,250,25,20,17.6354,6.0446,17.353,17.7024,5.7327,17.5536
70,30,170,30,15,19.1513,6.2445,15.3159,18.9707,6.1987,15.5935
90,30,160,15,25,19.0909,6.587,16.9311,18.919,6.6151,17.1968
30,60,250,15,15,17.491,6.0631,18.893,17.453,6.1817,18.9263
100,30,250,15,35,16.6208,6.1038,19.3404,16.5863,5.8789,19.6396
60,60,160,15,25,18.5653,7.3277,16.5421,18.3776,7.4139,16.8433
70,20,180,30,25,18.7378,5.9448,16.3868,18.8514,5.9382,16.6373
60,30,170,15,15,19.0233,6.3218,16.8268,18.9466,6.3963,17.1352
10,60,200,35,35,17.0337,7.989,15.9568,17.1513,7.7143,15.6704
20,20,250,30,30,16.0685,6.9298,19.0592,16.1646,6.9247,18.8301
60,60,250,30,30,16.9411,6.5834,18.3873,16.9372,6.5863,18.206
90,60,250,30,35,16.5091,6.6977,17.1784,16.5938,6.7992,17.3641
100,50,160,25,25,18.5188,7.196,15.6891,18.4602,6.978,15.8577
40,20,250,15,20,16.9106,6.0964,19.1205,17.1135,5.7569,19.3812
20,30,160,35,20,18.2212,8.0562,14.7723,18.1966,7.8802,14.4785
50,20,250,25,35,16.092,6.245,18.6459,16.3751,6.213,18.9263
80,60,250,30,35,16.557,6.6974,17.1604,16.6056,6.6928,17.4003
20,40,250,25,30,16.3388,6.6226,19.5311,16.3297,6.8142,19.2586
60,40,250,35,20,17.525,5.8347,16.7253,17.5898,5.7207,16.8482
10,40,160,35,25,18.0402,8.1619,14.255,17.8312,8.2411,14.5513
70,20,250,15,35,16.3399,5.8556,19.8844,16.5315,5.9323,19.9449
30,50,160,30,20,18.4117,8.1581,15.0201,18.4211,8.0275,14.8569
90,30,160,20,25,19.0508,6.5614,16.4431,18.8342,6.6298,16.5939
70,60,250,25,35,16.6099,6.4768,17.7422,16.6515,6.4305,18.0639
70,30,250,15,20,17.5107,5.1389,19.3626,17.6613,5.2325,19.5013
100,40,250,30,20,17.5784,5.9006,17.0563,17.7051,5.7862,17.2826
100,60,250,25,15,17.7163,5.9173,17.6941,17.8698,5.7497,17.8487
90,20,250,25,20,17.5875,5.6348,18.0566,17.6177,5.445,18.3065
80,30,160,30,30,18.6213,6.7994,15.0993,18.4522,6.7506,15.4353
40,30,250,20,35,16.0757,6.3485,19.0441,16.2741,6.3155,19.3637
90,40,180,35,25,18.4895,6.185,15.666,18.5872,6.2761,15.9871
90,30,160,30,25,18.9155,6.8389,15.4122,18.7114,6.6264,15.5288
70,40,180,35,25,18.5152,6.1788,15.6853,18.5705,6.2451,16.0298
70,30,160,35,20,19.0479,6.8573,15.2335,18.8923,6.7781,15.0579
90,50,160,20,25,18.706,6.9105,16.2897,18.5539,6.9405,16.5201
10,60,240,35,20,17.3571,7.2941,16.8316,17.366,6.9735,16.5316
100,30,160,35,15,19.1946,6.6862,15.6063,19.0468,6.6138,15.3379
70,40,250,20,15,17.8268,5.1718,18.9422,17.8541,5.1928,19.1106
50,20,250,25,15,17.3523,5.4961,18.6622,17.4621,5.4995,18.6542
90,30,250,35,35,16.495,6.316,17.1436,16.6026,6.4894,17.3589
20,40,250,15,20,16.8583,6.3173,18.8556,16.9605,6.2652,19.1146
100,20,160,35,15,19.3779,6.6219,15.6195,19.1142,6.4752,15.5122
90,20,160,35,15,19.3994,6.5037,15.6764,19.0933,6.4576,15.5048
40,40,250,35,20,17.3225,6.1036,16.6844,17.3313,6.0017,16.7417
20,20,250,25,30,16.0473,6.9949,19.5908,16.1656,6.9873,19.3538
90,20,250,35,35,16.4418,6.3505,17.2613,16.5683,6.4246,17.6051
70,40,160,30,25,18.7423,7.0136,15.3282,18.5493,6.8547,15.3583
30,40,160,25,20,18.4067,7.9275,15.7278,18.3958,7.8532,15.4482
50,40,160,15,25,18.5963,7.2522,16.6986,18.509,7.159,16.9883
30,40,250,15,20,17.0174,6.0773,18.9308,17.0708,5.9295,19.2447
70,40,160,20,25,18.8373,6.8314,16.324,18.6388,6.8585,16.6351
60,50,250,30,20,17.5846,5.975,16.995,17.6031,5.7765,17.1183
10,60,250,25,15,17.2474,6.7143,17.5604,17.3896,6.5229,17.7924
50,60,160,25,25,18.3552,7.8658,15.301,18.1958,7.7687,15.6312
70,30,180,30,25,18.6627,6.1288,16.2804,18.7817,5.9969,16.6301
30,40,250,20,20,17.0664,6.1275,18.3472,17.0782,5.9544,18.5912
90,20,160,15,25,19.1496,6.6677,16.8894,18.8769,6.694,17.1874
70,60,250,20,20,17.6704,5.7981,17.9563,17.7291,5.6239,18.0976
60,60,250,15,25,17.3417,5.9955,20.6879,17.244,6.1023,20.3957
90,40,190,30,15,18.8948,5.7193,16.0214,18.919,5.6436,16.3345
10,20,250,30,30,15.9401,7.3169,18.8487,16.0384,7.1329,18.8104
100,50,250,35,15,17.7138,5.8945,16.7373,17.8128,5.9162,17.0359
80,50,160,30,25,18.5587,7.2242,15.2468,18.4691,7.0021,15.3397
30,50,160,35,35,17.6186,8.5001,14.7816,17.6696,8.174,14.5329
80,30,160,35,25,18.8607,6.6475,14.9577,18.698,6.6557,15.0076
90,20,180,35,30,18.503,6.1187,15.4678,18.485,6.2461,15.7492
90,50,250,30,35,16.5448,6.5696,17.3399,16.537,6.5222,17.5409
30,20,250,35,35,15.8596,6.6941,17.3546,16.096,6.703,17.681
50,60,160,30,20,18.5226,7.8962,15.1352,18.4854,7.7384,14.8041
100,50,160,30,25,18.4186,7.3622,15.2037,18.4951,7.0333,15.3463
80,20,250,35,15,17.7446,5.3706,17.4197,17.8792,5.4934,17.7461
100,40,250,15,20,17.687,5.5685,18.7703,17.7626,5.2533,19.118
70,60,250,15,15,17.9091,5.3353,19.1096,17.8605,5.4059,19.1604
80,20,170,30,15,19.3199,6.0328,15.41,19.0563,6.0911,15.7515
10,20,250,25,25,16.2631,7.3487,19.8551,16.3907,7.0665,19.646
50,50,160,30,25,18.4451,7.7884,14.9391,18.3072,7.5561,15.131
40,60,160,30,20,18.4392,8.1776,14.9859,18.4648,7.9173,14.8233
90,50,250,30,20,17.5955,5.9128,16.959,17.6573,5.7698,17.1019
10,20,250,35,15,16.8666,6.5828,17.1218,16.882,6.5235,17.3986
100,40,250,20,35,16.5984,6.2076,18.6314,16.6477,6.0871,18.8905
30,60,250,25,20,17.3519,6.7333,17.1514,17.2832,6.5368,17.4497
80,40,180,35,25,18.5237,6.1324,15.7013,18.5904,6.217,16.0384
20,30,250,35,25,16.592,6.5605,18.8929,16.646,6.6238,18.6488
10,40,250,35,15,17.1572,6.2954,17.0142,17.1176,6.364,17.141
30,30,250,35,15,17.2554,5.9526,17.2229,17.3897,5.9903,17.3989
10,30,250,35,25,16.5011,6.6677,18.9099,16.5284,6.7498,18.6294
10,60,230,30,30,16.9244,7.3747,17.655,16.903,7.3005,17.4411
20,30,250,25,20,16.7995,6.4645,17.8888,16.8396,6.3624,18.0149
90,30,250,20,15,17.8894,5.1429,18.9883,18.0044,5.2226,19.2802
60,60,170,25,15,18.7254,6.9455,15.3793,18.5269,6.984,15.7156
70,50,160,35,30,18.2041,7.3282,14.4331,18.168,7.3368,14.7235
20,40,160,25,25,17.9902,8.3206,15.2262,17.8463,8.2557,15.5687
100,40,250,25,15,17.8564,5.5733,18.0401,17.8992,5.4164,18.3486
10,20,230,25,30,16.4691,7.6149,18.5503,16.3591,7.3244,18.44
50,30,250,30,15,17.5152,5.6438,17.9133,17.5447,5.5734,18.0838
60,20,180,35,25,18.6104,5.9687,15.8012,18.816,5.9992,16.1461
10,30,160,35,35,17.4727,8.3147,15.0237,17.4721,8.1686,14.8075
70,50,250,25,35,16.5958,6.2629,18.0086,16.6578,6.1808,18.3128
50,30,250,30,30,16.6347,6.084,19.2595,16.6641,6.2024,18.9424
30,40,250,35,25,16.879,6.6088,18.5992,16.8749,6.6005,18.426
20,20,250,20,15,16.8198,6.7129,18.627,17.0073,6.4386,18.9641
10,30,250,20,15,16.784,6.7359,18.5638,16.9395,6.5622,18.9003
40,40,250,20,15,17.4487,5.5937,18.913,17.4134,5.6526,19.0212
100,40,180,30,25,18.4908,6.4255,16.0898,18.6023,6.3514,16.4281
60,50,160,35,25,18.4651,7.4122,14.6064,18.3857,7.387,14.8719
30,30,250,30,30,16.36,6.4595,19.1511,16.4473,6.5148,18.8189
40,50,160,35,35,17.7267,8.2592,14.904,17.7581,7.9399,14.629
10,60,250,15,15,17.2416,6.3666,18.8964,17.284,6.4274,18.9427
60,20,250,35,20,17.3265,5.5847,17.1575,17.5485,5.5677,17.3448
60,30,250,20,15,17.61,5.1433,19.217,17.6132,5.2797,19.2311
20,20,250,20,30,16.0011,7.2042,20.0435,16.1981,7.0387,19.8492
70,30,250,15,35,16.4632,5.7389,19.792,16.6256,5.8646,19.9364
70,50,160,35,20,18.7237,7.3544,15.009,18.6048,7.2172,14.6697
60,30,160,20,25,18.7741,6.8886,16.3583,18.6944,6.8076,16.6702
30,40,250,35,20,17.1754,6.3375,16.6176,17.2369,6.1955,16.7575
40,50,250,30,20,17.4025,6.3081,16.9164,17.3796,6.1505,17.0801
40,40,160,25,25,18.4096,7.6714,15.452,18.2741,7.4997,15.7903
80,20,170,25,15,19.3263,6.0092,15.8536,19.1661,6.0139,16.1117
70,50,250,35,15,17.835,5.7639,16.8231,17.8232,5.6415,17.0225
70,20,160,15,25,18.8962,6.8043,16.96,18.7988,6.7498,17.2569
30,40,160,30,25,18.2326,8.0854,14.828,18.0907,7.8905,15.0944
30,50,250,30,30,16.6291,6.8286,18.5527,16.5284,6.8961,18.4358
70,40,250,35,15,17.8132,5.5364,17.0857,17.9313,5.5022,17.3045
80,20,250,25,35,16.4304,6.0712,18.5442,16.522,6.1448,18.8402
60,40,250,20,35,16.4776,5.9623,18.9561,16.4959,6.0053,19.3027
50,40,250,35,15,17.6558,5.7574,17.0565,17.6642,5.7613,17.1608
10,60,250,35,25,16.8397,7.3791,17.9258,17.0465,7.1995,17.8248
50,20,170,15,15,18.7069,6.8577,16.6962,18.5945,6.9174,17.0009
80,20,250,35,20,17.5088,5.6224,17.0324,17.662,5.6243,17.3219
20,20,230,30,30,16.6879,6.9298,18.3801,16.4576,6.9976,18.1014
30,60,250,30,25,17.0699,7.0303,18.5428,17.0524,7.0237,18.4366
30,60,160,15,15,18.5238,8.1555,16.7523,18.4899,8.0454,16.4791
70,50,250,30,30,16.9525,6.2489,18.7127,16.9122,6.2329,18.4682
70,60,250,25,30,16.9835,6.2914,19.0946,16.9844,6.3551,18.7994
50,20,250,15,15,17.2847,5.5235,19.8074,17.4041,5.5012,19.6717
20,30,160,30,25,17.97,8.231,14.886,17.9152,8.055,15.156
100,40,250,20,15,17.8888,5.4313,18.655,17.9866,5.2826,18.9466
90,20,250,30,35,16.4706,6.3022,17.8894,16.5562,6.2793,18.1756
80,20,250,25,15,17.7515,5.2479,18.5783,17.8112,5.2889,18.7701
70,30,250,30,15,17.7521,5.4361,17.9037,17.7822,5.3225,18.185
50,60,250,15,15,17.7661,5.5991,19.0288,17.6449,5.7811,19.0417
40,60,160,20,20,18.5243,7.9733,16.0797,18.6152,7.8129,15.9105
80,20,160,15,25,19.0521,6.6718,16.9543,18.8499,6.7111,17.2439
40,30,160,35,35,17.8876,7.6561,15.2441,17.9088,7.3484,14.914
60,20,250,20,15,17.493,5.2364,19.312,17.5642,5.3034,19.2562
50,60,160,35,15,18.6121,7.917,14.9599,18.5069,7.6685,14.6532
40,60,250,20,15,17.6718,5.9457,18.3067,17.594,6.0607,18.3364
60,50,170,25,15,18.8837,6.6592,15.5277,18.6742,6.7232,15.8328
80,30,160,30,25,18.912,6.7828,15.4427,18.7032,6.6106,15.5515
50,30,160,25,25,18.5971,7.1985,15.7145,18.515,6.9089,16.0137
70,20,250,30,20,17.424,5.5024,17.6643,17.5447,5.4554,17.8702
80,60,250,35,15,17.7866,5.9136,16.6261,17.7889,5.9009,16.8529
100,30,190,35,35,17.8411,6.3574,15.3273,17.8614,6.4225,15.6096
40,60,250,30,20,17.4791,6.5487,16.6229,17.4861,6.4258,16.8862
50,60,250,20,30,16.9195,6.3457,19.6951,16.8264,6.5514,19.3656
40,50,250,25,25,17.0863,6.4291,19.6698,17.0464,6.4592,19.3946
10,50,250,30,15,17.1543,6.7054,17.2608,17.2954,6.4574,17.4542
30,60,250,30,20,17.3717,6.7282,16.5874,17.3822,6.6332,16.8932
80,30,250,15,15,17.8347,4.9779,19.7297,18.0056,5.2092,19.7644
30,30,250,20,15,17.1249,5.9466,18.9421,17.2742,5.931,19.0296
70,20,160,30,25,18.9278,6.7267,15.4824,18.7901,6.4637,15.5391
20,30,250,20,20,16.7456,6.5127,18.3287,16.8421,6.3899,18.5704
60,30,160,30,25,18.753,7.0316,15.3284,18.6151,6.7386,15.4544
40,50,160,35,15,18.6801,7.8523,14.9725,18.6061,7.6253,14.7213
60,20,250,20,35,16.2257,5.9926,19.2941,16.4436,5.9415,19.5404
30,40,250,30,25,16.846,6.4863,19.2897,16.8512,6.5085,18.9928
70,60,160,15,25,18.6125,7.1449,16.6496,18.4436,7.2586,16.9491
20,60,240,35,15,17.6843,7.0085,17.1495,17.5954,6.7828,16.8407
60,30,250,20,35,16.3504,5.9005,19.1873,16.4682,5.903,19.4885
10,40,160,30,20,17.9919,8.478,15.0406,18.1489,8.2729,14.7844
20,30,250,35,20,16.8785,6.4152,16.7689,16.9532,6.2731,17.0069
30,60,250,20,15,17.5227,6.2408,18.2017,17.4492,6.266,18.3175
40,60,250,25,15,17.6839,6.2094,17.598,17.6487,6.1663,17.7442
80,50,160,35,25,18.474,7.1435,14.7544,18.4758,7.0913,15.0596
60,60,160,25,25,18.4146,7.6064,15.4444,18.2526,7.5898,15.7301
60,60,160,35,35,17.6571,8.1141,15.0353,17.7407,7.8892,14.6978
40,60,250,20,25,17.1568,6.6902,19.9875,17.1343,6.6003,19.7492
50,30,160,20,25,18.5902,7.1586,16.2702,18.4997,7.0487,16.5604
10,60,230,35,30,16.9609,7.6077,17.0287,16.9088,7.2969,16.7659
50,20,250,20,35,16.0745,6.2284,19.22,16.3537,6.1368,19.4865
90,40,160,35,20,18.9038,6.9152,15.223,18.8465,6.9215,14.9031
80,20,250,20,20,17.5184,5.4187,18.7071,17.5336,5.2876,18.8786
20,50,250,25,15,17.2845,6.3494,17.8656,17.3151,6.3382,17.9715
40,40,160,15,25,18.388,7.6267,16.5546,18.2911,7.5347,16.863
50,60,250,35,15,17.7746,6.2531,16.4837,17.7278,6.2024,16.7089
100,60,250,20,35,16.52,6.4493,18.3179,16.6533,6.5015,18.4476
40,60,250,30,25,17.1814,6.7841,18.6427,17.1497,6.8338,18.4076
30,60,250,35,25,17.081,7.207,17.8737,17.1213,7.1717,17.6775
80,30,170,30,15,19.217,6.1211,15.3711,18.9919,6.1641,15.6327
90,40,250,20,15,17.9109,5.2889,18.7639,18.0016,5.2093,19.0176
90,50,250,20,35,16.6301,6.1113,18.5972,16.6539,6.2017,18.7943
50,20,160,35,20,18.832,7.0391,15.1911,18.8882,6.8675,14.9847
80,20,160,30,20,19.2396,6.5696,15.8149,19.1111,6.4303,15.5444
30,60,250,35,30,16.7313,7.3917,17.5569,16.7758,7.2562,17.5636
10,30,250,30,20,16.6906,6.6492,17.2121,16.7463,6.55,17.5167
10,40,250,30,15,17.0282,6.5483,17.4992,17.1209,6.3831,17.7363
30,60,230,35,30,17.1977,7.363,17.0264,17.0905,7.0656,16.825
60,40,160,15,25,18.7632,6.9522,16.8151,18.655,6.9667,17.0947
60,50,170,35,15,18.7941,6.7387,14.5369,18.6598,6.8642,14.8537
90,40,250,15,35,16.6507,5.9017,19.3987,16.6043,5.8753,19.6049
80,30,170,25,20,19.096,6.2932,15.4571,19.023,6.1478,15.764
10,60,240,35,15,17.5395,7.0893,17.1949,17.5066,6.8631,16.9002
60,40,180,35,25,18.465,6.3216,15.6185,18.5023,6.3902,15.9522
70,50,230,35,30,17.4222,6.4984,17.5044,17.2121,6.3455,17.1979
90,40,250,30,20,17.6218,5.7461,17.1583,17.688,5.6428,17.3431
50,40,250,15,35,16.3509,6,19.5912,16.3676,6.0519,19.8389
40,50,160,35,20,18.5373,7.993,14.6693,18.5138,7.6974,14.5676
30,20,250,30,35,15.8319,6.8189,17.9199,16.0829,6.6991,18.2201
50,40,250,30,30,16.7541,6.2796,18.9479,16.6879,6.3216,18.6808
100,30,250,35,20,17.5603,5.9068,16.677,17.7225,5.8682,16.9669
10,50,250,25,15,17.202,6.387,17.9254,17.2247,6.4265,18.0284
90,50,250,25,35,16.5877,6.3207,17.9403,16.5916,6.3477,18.1516
10,50,160,30,20,18.2279,8.4206,14.9312,18.1682,8.3668,14.7576
40,40,250,25,15,17.4758,5.7688,18.2292,17.4817,5.7236,18.3913
40,40,250,30,15,17.4962,6.0189,17.5845,17.5339,5.8125,17.7226
20,40,250,15,15,17.0368,6.2104,19.2918,17.1662,6.1951,19.4057
10,60,250,30,20,17.1765,6.8932,16.6461,17.2613,6.7163,16.9341
40,50,250,30,15,17.6214,6.1545,17.3365,17.6094,6.0311,17.4157
10,40,250,35,25,16.5913,6.8344,18.6139,16.6644,6.8365,18.4455
70,60,250,15,25,17.3851,5.911,20.7203,17.351,5.9229,20.3922
20,60,250,35,30,16.6105,7.6295,17.4787,16.7216,7.3337,17.5789
30,60,160,25,20,18.3529,8.3738,15.3712,18.3311,8.2354,15.2259
30,20,250,30,15,17.0597,6.1129,17.9227,17.2363,6.0073,17.9755
40,30,250,35,15,17.408,5.7506,17.2758,17.5162,5.8418,17.4326
30,40,250,35,15,17.3939,6.1035,16.9849,17.3805,6.0846,17.0865
10,50,160,30,25,17.8359,8.8358,14.5179,17.8127,8.4986,14.7902
40,40,250,15,15,17.3989,5.5641,19.533,17.3852,5.6172,19.5957
90,40,160,30,30,18.435,7.0033,15.021,18.3346,6.948,15.3564
20,60,250,15,25,16.852,6.7398,20.4769,16.8515,6.8861,20.3902
60,50,250,25,30,16.9267,6.1713,19.3504,16.8419,6.2672,19.0802
60,60,250,20,35,16.6142,6.3214,18.384,16.6186,6.4231,18.7009
20,20,250,30,15,16.8777,6.5691,17.7044,17.0284,6.3858,17.9323
30,60,220,30,35,17.0108,7.4596,17.1599,16.8885,7.1554,16.8232
80,30,160,25,25,18.96,6.6632,15.919,18.7361,6.6252,16.0951
100,20,160,25,25,19.0979,6.7868,15.8186,18.8532,6.5457,15.9402
30,60,250,30,30,16.7254,7.1204,18.1892,16.6625,7.1583,18.1889
40,20,250,20,20,16.9361,6.052,18.6191,17.1342,5.791,18.7877
100,50,250,30,35,16.4879,6.6464,17.3068,16.5204,6.6227,17.5052
70,60,170,30,15,18.6864,6.9408,14.9802,18.5983,6.8933,15.2301
50,60,160,25,20,18.5806,7.7769,15.6708,18.5606,7.7225,15.4286
60,20,250,35,15,17.5488,5.3625,17.5378,17.6863,5.546,17.6857
60,40,160,35,30,18.3429,7.2024,14.4649,18.2063,7.2132,14.7566
10,60,160,25,20,18.0188,8.858,15.2208,18.1678,8.6569,15.1035
50,30,250,15,35,16.2115,6.0322,19.7627,16.3654,6.0903,19.9025
50,40,160,30,25,18.5607,7.4656,15.1,18.4397,7.233,15.2261
40,40,250,30,20,17.2929,6.0382,17.2339,17.3146,5.9326,17.3365
40,20,160,25,25,18.2983,7.6357,15.6163,18.2207,7.4582,15.9403
100,40,250,15,35,16.6373,6.1012,19.2382,16.6425,5.9167,19.4784
50,40,170,30,15,18.8565,6.8,15.0484,18.6888,6.714,15.3774
40,60,250,15,20,17.4436,5.984,18.5216,17.317,6.1042,18.5928
50,20,170,30,15,18.8817,6.5372,15.2458,18.766,6.5076,15.4819
30,40,250,25,30,16.4727,6.5016,19.5321,16.4711,6.5815,19.2945
30,40,250,25,15,17.313,5.9985,18.1704,17.3829,5.9355,18.3107
80,30,180,30,25,18.7195,6.0343,16.318,18.7974,6.0141,16.5581
20,60,220,30,35,16.9049,7.5196,17.1984,16.7659,7.3578,16.8599
60,50,250,25,15,17.8127,5.5896,18.0276,17.7623,5.5577,18.1614
30,20,250,25,20,16.8053,6.3971,17.9972,16.9722,6.1269,18.1046
30,50,160,25,20,18.4196,8.1129,15.5467,18.3878,8.038,15.3387
50,40,250,25,30,16.7443,6.1217,19.6307,16.6648,6.2171,19.3046
60,30,160,25,25,18.7643,6.9321,15.8182,18.6386,6.7528,16.07
60,30,250,20,20,17.3957,5.4043,18.7288,17.4171,5.3061,18.8826
90,30,250,35,20,17.5872,5.6802,16.8303,17.728,5.7481,17.0233
30,20,160,35,35,17.6707,7.9295,15.2114,17.6563,7.7054,14.8707
80,20,250,30,35,16.4146,6.2092,18.0001,16.5266,6.2503,18.253
10,20,220,30,20,17.2774,7.2639,17.2726,17.357,6.9957,16.9686
70,30,160,15,25,18.9252,6.7011,16.9574,18.8257,6.7202,17.2286
30,60,240,35,15,17.8106,6.8753,17.1516,17.6498,6.7145,16.8224
70,60,250,35,35,16.5322,6.7194,16.5853,16.6229,6.7926,16.8479
50,40,170,35,15,18.8418,6.6661,14.5619,18.7046,6.7902,14.8987
80,30,180,35,30,18.3704,6.0635,15.5123,18.3927,6.2641,15.7274
100,50,250,20,35,16.5772,6.3335,18.4536,16.6493,6.2586,18.6129
60,40,160,25,25,18.703,7.0958,15.7074,18.463,6.9845,15.982
30,60,250,25,25,17.0582,6.8462,19.2629,17.0255,6.9079,19.0904
20,40,250,30,30,16.3623,6.7719,18.8424,16.3389,6.8698,18.6692
50,30,180,35,30,18.1534,6.3924,15.3625,18.2478,6.4871,15.6721
60,20,160,30,25,18.7758,6.9507,15.3878,18.6911,6.6198,15.5824
50,40,160,35,20,18.7601,7.4393,14.9326,18.7038,7.319,14.7174
70,40,160,35,25,18.6782,6.9327,14.8281,18.5403,6.9606,14.9784
100,20,160,30,15,19.4226,6.6269,16.1268,19.2536,6.2974,15.7881
30,30,250,30,20,17.0029,6.1298,17.399,17.1323,5.9596,17.5665
80,20,250,15,20,17.5209,5.3231,19.29,17.577,5.2852,19.4258
50,60,250,15,30,17.0433,6.6104,20.2219,16.7795,6.4203,19.9666
50,50,250,25,25,17.1989,6.2595,19.7155,17.1344,6.2866,19.4135
80,20,250,20,35,16.4451,5.9554,19.1551,16.4881,5.9677,19.3874
70,20,250,25,20,17.4162,5.4629,18.3039,17.5095,5.3424,18.3993
40,60,250,35,20,17.4846,6.6332,16.1013,17.4898,6.5617,16.359
50,20,180,35,25,18.4604,6.193,15.7021,18.6329,6.2417,16.0494
90,60,250,25,20,17.5831,6.0757,17.3503,17.7123,5.8556,17.4868
50,60,160,15,15,18.8344,7.5195,17.0422,18.8242,7.2898,16.7664
100,30,160,30,30,18.5747,6.9466,15.0367,18.4592,6.7977,15.3627
50,60,250,20,15,17.7751,5.8083,18.3223,17.7261,5.8708,18.3814
80,60,250,35,20,17.5492,6.1325,16.2776,17.6189,6.0988,16.4329
100,50,170,25,15,18.8252,6.5617,15.5933,18.8176,6.4813,15.9318
60,20,170,15,15,18.9565,6.4633,16.8246,18.8428,6.5362,17.1327
100,60,250,15,35,16.5719,6.3336,18.9236,16.6958,6.3071,19.0373
90,30,180,30,30,18.4147,6.168,15.9071,18.3876,6.2615,16.1865
20,30,250,20,15,16.9283,6.4157,18.7144,17.1016,6.2954,18.9299
60,60,250,35,30,16.9122,6.8674,17.7519,16.9839,6.7274,17.5681
10,20,220,30,35,16.4198,7.7002,17.7077,16.3982,7.418,17.459
40,50,250,35,30,16.7539,6.8831,17.9765,16.719,6.7969,17.8003
10,50,250,35,20,17.0221,6.8413,16.3275,17.1655,6.6233,16.5768
80,60,250,20,35,16.6365,6.223,18.4201,16.6744,6.2999,18.6558
90,60,250,35,15,17.7191,5.9558,16.6193,17.7762,5.9905,16.8339
50,60,250,30,20,17.5599,6.3538,16.6811,17.588,6.2293,16.8974
10,40,250,30,30,16.218,6.9161,18.8253,16.2297,6.9549,18.6683
70,30,250,25,20,17.5213,5.5584,18.0859,17.5659,5.2577,18.4058
40,50,250,35,20,17.4099,6.5009,16.3105,17.3961,6.2734,16.4943
40,20,170,30,15,18.6434,6.9652,15.0713,18.5043,6.8891,15.3881
30,20,250,25,30,16.17,6.6551,19.7773,16.3334,6.61,19.4471
100,60,170,15,15,18.7557,6.6579,16.5639,18.7594,6.6092,16.8941
30,50,160,35,15,18.5454,8.1109,14.8542,18.4046,7.8773,14.5854
20,50,230,30,30,16.9869,6.9822,17.9661,16.8063,7.0772,17.6719
90,50,160,30,25,18.5055,7.2773,15.2279,18.4849,6.9982,15.3556
90,40,250,15,15,17.9321,5.1262,19.4316,18.1219,5.1955,19.6252
30,60,160,30,20,18.326,8.4672,14.8438,18.2559,8.1948,14.7795
20,60,230,20,30,16.9945,7.0231,18.9394,16.8327,7.0875,18.5941
100,20,180,30,30,18.5327,6.2849,15.8229,18.5232,6.2238,16.1628
10,50,230,25,30,16.7953,7.0932,18.5489,16.6395,7.1167,18.2019
70,50,250,35,20,17.604,5.9627,16.4801,17.6292,5.7485,16.6228
50,40,250,30,20,17.4214,5.8622,17.27,17.4192,5.7288,17.3609
60,20,160,15,25,18.6851,7.0669,16.9034,18.6513,6.9525,17.1521
70,50,160,20,25,18.7169,6.9667,16.247,18.4843,7.0538,16.5266
10,20,210,30,30,16.9342,7.6109,17.396,16.9296,7.3176,17.1458
10,30,250,15,15,16.7235,6.9031,19.0295,16.9872,6.6429,19.1669
80,50,160,25,25,18.6421,7.049,15.7368,18.4585,6.9446,16.0325
80,20,170,25,20,19.1803,6.2467,15.4787,19.0564,6.1305,15.7566
20,40,250,35,25,16.7382,6.7315,18.5978,16.7683,6.7584,18.4613
100,40,190,35,15,18.7677,5.8364,15.3876,18.8638,5.8875,15.7292
10,50,160,35,15,18.3847,8.3118,14.7844,18.1921,8.1884,14.6304
40,30,250,15,20,17.0372,5.8584,19.1529,17.1401,5.7243,19.3471
50,50,160,25,25,18.4945,7.5708,15.4575,18.3145,7.484,15.7433
80,30,250,30,35,16.5065,6.227,17.8314,16.5761,6.2429,18.0826
60,40,170,30,15,18.9668,6.5846,15.146,18.7696,6.5514,15.4243
90,60,170,30,15,18.5895,6.9143,15.0117,18.6747,6.7538,15.2984
80,40,250,20,15,17.8927,5.1383,18.9074,17.9792,5.1637,19.0979
80,60,250,35,30,16.8875,6.6632,17.8628,16.9284,6.709,17.5928
30,30,160,15,25,18.0196,8.1746,16.4529,18.0046,8.0824,16.7538
80,40,160,20,25,18.8915,6.702,16.3867,18.6949,6.7783,16.6669
70,30,180,35,25,18.6367,5.9637,15.797,18.7362,6.05,16.1207
100,30,240,35,15,18.0647,5.8467,17.9198,18.1009,5.7402,17.57
40,60,250,35,30,16.8116,7.2796,17.5681,16.8608,7.0665,17.5588
10,40,160,30,25,17.8085,8.6583,14.6537,17.8402,8.3642,14.9434
80,60,170,25,15,18.7293,6.697,15.5244,18.7022,6.669,15.8651
70,50,160,25,25,18.636,7.1331,15.6859,18.402,7.1181,15.9258
70,60,250,30,35,16.5799,6.7041,17.1609,16.6237,6.6045,17.4469
50,40,250,15,15,17.566,5.2922,19.6185,17.4766,5.4156,19.6515
60,20,250,15,35,16.208,5.9718,19.8966,16.5358,5.9611,20.0287
100,30,170,25,15,19.252,6.158,15.7525,19.1932,5.9665,16.0061
40,40,250,20,20,17.2327,5.8736,18.4216,17.1965,5.7833,18.6181
20,30,250,35,15,17.1005,6.1681,17.1618,17.178,6.2159,17.3897
80,40,160,35,25,18.6884,6.8523,14.8753,18.5686,6.9041,15.0128
60,30,180,35,25,18.5562,6.0999,15.7339,18.6667,6.1696,16.0519
70,30,160,20,25,18.9235,6.6332,16.4604,18.813,6.6367,16.7396
40,30,250,25,15,17.3351,5.6567,18.4785,17.3975,5.6633,18.568
90,20,250,15,35,16.5274,6.005,19.5985,16.5047,5.9115,19.7511
40,30,250,30,35,16.1268,6.5165,17.8826,16.2778,6.4304,18.2291
70,50,250,30,35,16.5678,6.5532,17.3765,16.5935,6.3573,17.6872
60,30,250,15,15,17.592,5.0963,19.8367,17.6179,5.3345,19.7132
10,30,250,35,30,16.0965,7.0029,18.4247,16.1508,6.887,18.2358
80,20,250,30,15,17.7467,5.3702,18.0375,17.8155,5.3849,18.2646
100,40,170,30,15,18.9855,6.4473,15.2063,18.9109,6.3432,15.4221
40,60,250,30,15,17.6906,6.5414,16.9333,17.6273,6.2836,17.1433
10,40,250,25,30,16.1716,6.8965,19.4312,16.2062,6.9418,19.2312
60,60,160,35,20,18.4998,7.8524,14.7666,18.3583,7.591,14.4942
60,20,250,25,20,17.2744,5.5819,18.3086,17.4193,5.3869,18.3858
90,30,250,35,15,17.8271,5.4921,17.1719,17.9636,5.6016,17.4627
20,60,220,35,35,16.9212,7.7189,16.5102,16.8815,7.3933,16.2179
80,30,250,30,20,17.5881,5.5536,17.4323,17.6227,5.4378,17.6961
50,40,250,35,25,17.1208,6.3294,18.648,17.0928,6.2652,18.3413
70,60,170,25,15,18.7488,6.7722,15.4753,18.6048,6.8275,15.7914
10,60,250,20,20,17.0072,6.7888,17.7713,17.1132,6.6274,18.0625
90,60,250,15,35,16.6407,6.1618,19.0101,16.7125,6.2343,19.1885
60,40,250,30,35,16.4601,6.425,17.6433,16.5177,6.2553,17.9892
20,50,220,35,35,16.8765,7.3803,16.8529,16.734,7.2503,16.5074
40,60,160,20,25,18.3168,7.9594,15.7263,18.1813,7.8692,16.0729
40,50,250,30,25,17.0963,6.6338,18.9085,17.0464,6.5758,18.6991
90,50,160,35,25,18.4182,7.1569,14.7568,18.493,7.0877,15.078
70,40,250,20,20,17.6037,5.4092,18.4859,17.5772,5.218,18.7218
70,60,250,35,30,16.92,6.681,17.8551,16.9395,6.6465,17.6151
90,20,250,20,15,17.8331,5.3171,18.9887,17.8983,5.2601,19.2488
20,30,250,30,20,16.8454,6.3803,17.313,16.8747,6.3485,17.5017
50,30,250,25,20,17.2711,5.7738,18.1011,17.3195,5.52,18.278
90,20,180,30,30,18.5491,6.1177,15.9214,18.5211,6.1667,16.2219
80,20,180,35,30,18.4904,5.9882,15.5385,18.4885,6.2042,15.8028
20,60,250,30,30,16.6079,7.2525,18.183,16.5972,7.265,18.2032
90,20,170,25,15,19.392,6.0268,15.8141,19.2265,5.9617,16.0435
40,50,230,35,30,17.2599,6.8264,17.4385,17.1321,6.6609,17.1695
60,40,250,35,30,16.8373,6.3933,18.3342,16.8399,6.2667,18.0185
50,60,250,35,25,17.2349,6.8613,17.9952,17.3055,6.7762,17.7
90,30,160,25,25,18.9804,6.6837,15.8996,18.7588,6.6277,15.965
80,40,250,25,15,17.8793,5.3148,18.2512,17.9278,5.2457,18.4873
20,40,250,25,15,17.1447,6.2259,18.1141,17.2013,6.1953,18.2875
50,30,250,25,15,17.4952,5.4265,18.5428,17.4945,5.4639,18.6332
10,30,250,30,25,16.4064,6.8267,19.4059,16.5056,6.8228,19.1342
60,40,160,20,25,18.7418,6.9767,16.2725,18.555,6.9776,16.5512
90,40,160,20,25,18.8887,6.7601,16.3461,18.6873,6.796,16.5603
100,30,180,30,25,18.682,6.2299,16.1939,18.7935,6.1246,16.3126
